run_id	class	class_index_in_suite	suites	previous_class	case_index_in_class	cases_in_class	time_s	test	message
36351682776	JournalTabTest	205	246	JournalShortWindowCardsTest	14	17	0.088	From Album on the edit form opens the picker and pulls the selected ph	java.lang.AssertionError: Assert failed: The component with ContentDescription = 'Log photo' (ignoreCase: false) is not displayed!
36352918963	JournalPendingDeleteTest	203	246	JournalEntryCardsTest	23	52	0.041	Undo on an album photo brings it back and deletes neither row nor file	java.lang.AssertionError: Assert failed: The component with TestTag = 'tile-options-delete' is not displayed!
36353363937	JournalPendingDeleteTest	203	246	JournalEntryCardsTest	23	52	0.044	Undo on an album photo brings it back and deletes neither row nor file	java.lang.AssertionError: Assert failed: The component with TestTag = 'tile-options-delete' is not displayed!
36357141414	JournalPendingDeleteTest	203	248	JournalEntryCardsTest	26	52	0.065	an album photo's Delete hides it and warns of its uses, and deletes it	java.lang.AssertionError: Assert failed: The component with TestTag = 'tile-options-delete' is not displayed!
36357874550	JournalPendingDeleteTest	203	252	JournalEntryCardsTest	43	52	0.039	a plain tap on an album photo still opens the viewer	java.lang.AssertionError: Failed: assertExists. Reason: Expected exactly '1' node but could not find any node that satisfies: (TestTag = 'photo-viewer') 
36358735531	JournalPendingDeleteTest	203	253	JournalEntryCardsTest	26	52	0.106	an album photo's Delete hides it and warns of its uses, and deletes it	java.lang.AssertionError: Assert failed: The component with TestTag = 'tile-options-delete' is not displayed!
36369257481	JournalPendingDeleteTest	203	253	JournalEntryCardsTest	23	52	0.044	Undo on an album photo brings it back and deletes neither row nor file	java.lang.AssertionError: Assert failed: The component with TestTag = 'tile-options-delete' is not displayed!
36370685316	JournalPendingDeleteTest	203	253	JournalEntryCardsTest	23	52	0.058	Undo on an album photo brings it back and deletes neither row nor file	java.lang.AssertionError: Assert failed: The component with TestTag = 'tile-options-delete' is not displayed!
36372351220	JournalPendingDeleteTest	203	253	JournalEntryCardsTest	26	52	0.039	an album photo's Delete hides it and warns of its uses, and deletes it	java.lang.AssertionError: Assert failed: The component with TestTag = 'tile-options-delete' is not displayed!
36375456067	JournalPendingDeleteTest	203	253	JournalEntryCardsTest	23	52	0.127	Undo on an album photo brings it back and deletes neither row nor file	java.lang.AssertionError: Assert failed: The component with TestTag = 'tile-options-delete' is not displayed!
36376757008	JournalPendingDeleteTest	207	260	JournalEntryCardsTest	16	52	0.054	an album photo has no corner delete control, and a long-press at that 	java.lang.AssertionError: Failed to assert count of nodes. Reason: Expected exactly '1' node but could not find any node that satisfies: ((OnClick is defined) && (hasAnyAncestorThat(IsPopup is defined))) 
36379342990	AvailabilityScreenMapLayersSheetTest	149	266	AvailabilityScreenMapIconStackTest	0	13	0.103	a tap on the chip shows the legend with each ramp's 0 and 100 percent,	java.lang.AssertionError: Failed to inject touch input. Reason: Expected exactly '1' node but could not find any node that satisfies: (TestTag = 'map-legend-chip') 
36379342990	AvailabilityScreenMapLayersSheetTest	149	266	AvailabilityScreenMapIconStackTest	1	13	0.087	with the cluster dragged to the bottom on the right it stops above the	java.lang.AssertionError: Failed to retrieve bounds of the node. Reason: Expected exactly '1' node but could not find any node that satisfies: (TestTag = 'map-legend-chip') 
36379342990	AvailabilityScreenMapLayersSheetTest	149	266	AvailabilityScreenMapIconStackTest	2	13	0.06	touches on the map all around the legend chip reach the map	java.lang.AssertionError: Failed to retrieve bounds of the node. Reason: Expected exactly '1' node but could not find any node that satisfies: (TestTag = 'map-legend-chip') 
36379342990	AvailabilityScreenMapLayersSheetTest	149	266	AvailabilityScreenMapIconStackTest	3	13	0.066	with the release build's store the sheet lists no colour field, no leg	java.lang.AssertionError: Failed to inject touch input. Reason: Expected exactly '1' node but could not find any node that satisfies: (ContentDescription = 'Layers: Topographical map. Choose the map type and overlays.' (ignoreCase: false)) 
36379342990	AvailabilityScreenMapLayersSheetTest	149	266	AvailabilityScreenMapIconStackTest	4	13	0.06	a real touch on the Layers row opens the Layers sheet, with Map type a	java.lang.AssertionError: Failed to inject touch input. Reason: Expected exactly '1' node but could not find any node that satisfies: (ContentDescription = 'Layers: Topographical map. Choose the map type and overlays.' (ignoreCase: false)) 
36379342990	AvailabilityScreenMapLayersSheetTest	149	266	AvailabilityScreenMapIconStackTest	5	13	0.074	with no colour field visible there is no legend chip, and switching on	java.lang.AssertionError: Failed to inject touch input. Reason: Expected exactly '1' node but could not find any node that satisfies: (ContentDescription = 'Layers: Topographical map. Choose the map type and overlays.' (ignoreCase: false)) 
36379342990	AvailabilityScreenMapLayersSheetTest	149	266	AvailabilityScreenMapIconStackTest	6	13	0.055	with forecast data the colour fields are listed top first with an opac	java.lang.AssertionError: Failed to inject touch input. Reason: Expected exactly '1' node but could not find any node that satisfies: (ContentDescription = 'Layers: Topographical map. Choose the map type and overlays.' (ignoreCase: false)) 
36379342990	AvailabilityScreenMapLayersSheetTest	149	266	AvailabilityScreenMapIconStackTest	7	13	0.071	while a colour field is visible the legend chip shows at the bottom ri	java.lang.AssertionError: Assert failed: The component with TestTag = 'map-legend-chip' is not displayed!
36379342990	AvailabilityScreenMapLayersSheetTest	149	266	AvailabilityScreenMapIconStackTest	8	13	0.056	choosing a map type in the sheet applies it and the sheet stays open	java.lang.AssertionError: Failed to inject touch input. Reason: Expected exactly '1' node but could not find any node that satisfies: (ContentDescription = 'Layers: Topographical map. Choose the map type and overlays.' (ignoreCase: false)) 
36379342990	AvailabilityScreenMapLayersSheetTest	149	266	AvailabilityScreenMapIconStackTest	9	13	0.052	a touch on the opacity slider sets that layer's opacity, and its value	java.lang.AssertionError: Failed to inject touch input. Reason: Expected exactly '1' node but could not find any node that satisfies: (ContentDescription = 'Layers: Topographical map. Choose the map type and overlays.' (ignoreCase: false)) 
36379342990	AvailabilityScreenMapLayersSheetTest	149	266	AvailabilityScreenMapIconStackTest	10	13	0.096	dragging a colour field's handle down one row moves it one place down	java.lang.AssertionError: Failed to inject touch input. Reason: Expected exactly '1' node but could not find any node that satisfies: (ContentDescription = 'Layers: Topographical map. Choose the map type and overlays.' (ignoreCase: false)) 
36379342990	AvailabilityScreenMapLayersSheetTest	149	266	AvailabilityScreenMapIconStackTest	11	13	0.068	once the sheet is closed, touches where it was and around the Layers r	java.lang.AssertionError: Failed to inject touch input. Reason: Expected exactly '1' node but could not find any node that satisfies: (ContentDescription = 'Layers: Topographical map. Choose the map type and overlays.' (ignoreCase: false)) 
36379342990	AvailabilityScreenMapLayersSheetTest	149	266	AvailabilityScreenMapIconStackTest	12	13	0.055	switching Finds off in the sheet hides finds in the state the map is h	java.lang.AssertionError: Failed to inject touch input. Reason: Expected exactly '1' node but could not find any node that satisfies: (ContentDescription = 'Layers: Topographical map. Choose the map type and overlays.' (ignoreCase: false)) 
36379342990	AvailabilityScreenMapLayersShortLandscapeTest	150	266	AvailabilityScreenMapLayersSheetTest	0	2	0.054	the legend chip sits at the bottom right, clear of the rail and the cl	java.lang.AssertionError: Failed to retrieve bounds of the node. Reason: Expected exactly '1' node but could not find any node that satisfies: (TestTag = 'map-legend-chip') 
36379342990	AvailabilityScreenMapLayersShortLandscapeTest	150	266	AvailabilityScreenMapLayersSheetTest	1	2	0.119	a real touch on the Layers row opens the sheet, and its content scroll	java.lang.AssertionError: Failed to inject touch input. Reason: Expected exactly '1' node but could not find any node that satisfies: (ContentDescription = 'Layers: Topographical map. Choose the map type and overlays.' (ignoreCase: false)) 
36379342990	AvailabilityScreenMapLayersWideTest	151	266	AvailabilityScreenMapLayersShortLandscapeTest	0	3	0.063	the legend chip sits above the add button, and touches around it reach	java.lang.AssertionError: Failed to retrieve bounds of the node. Reason: Expected exactly '1' node but could not find any node that satisfies: (TestTag = 'map-legend-chip') 
36379342990	AvailabilityScreenMapLayersWideTest	151	266	AvailabilityScreenMapLayersShortLandscapeTest	1	3	0.045	a real touch on the wide Layers control opens the sheet	java.lang.AssertionError: Failed to inject touch input. Reason: Expected exactly '1' node but could not find any node that satisfies: (ContentDescription = 'Layers: Topographical map. Choose the map type and overlays.' (ignoreCase: false)) 
36379342990	AvailabilityScreenMapLayersWideTest	151	266	AvailabilityScreenMapLayersShortLandscapeTest	2	3	0.042	switching Tracks off in the wide sheet hides kept tracks in the state 	java.lang.AssertionError: Failed to inject touch input. Reason: Expected exactly '1' node but could not find any node that satisfies: (ContentDescription = 'Layers: Topographical map. Choose the map type and overlays.' (ignoreCase: false)) 
36379342990	DiagnosticsSyntheticForecastSwitchTest	182	266	DiagnosticsPanelTest	0	4	5.048	the first toggle is Synthetic forecast layers, above the log row, show	androidx.compose.ui.test.ComposeTimeoutException: Condition still not satisfied after 5000 ms
36379342990	DiagnosticsSyntheticForecastSwitchTest	182	266	DiagnosticsPanelTest	1	4	5.04	the panel's entry point shows the app's own store, and turning it on g	androidx.compose.ui.test.ComposeTimeoutException: Condition still not satisfied after 5000 ms
36379342990	DiagnosticsSyntheticForecastSwitchTest	182	266	DiagnosticsPanelTest	2	4	5.06	a write that fails leaves the toggle showing what is stored	androidx.compose.ui.test.ComposeTimeoutException: Condition still not satisfied after 5000 ms
36379342990	DiagnosticsSyntheticForecastSwitchTest	182	266	DiagnosticsPanelTest	3	4	5.046	a real touch on the toggle turns the switch on and stores it, and a se	androidx.compose.ui.test.ComposeTimeoutException: Condition still not satisfied after 5000 ms
36379342990	CartographyEntryMapLayersTest	193	266	CameraStripTest	0	2	0.14	the entry map draws with the shared layer choices, and with no forecas	java.lang.AssertionError: expected:<false> but was:<true>
36379342990	CartographyEntryMapLayersTest	193	266	CameraStripTest	1	2	0.058	its sheet lists only the five record overlays this map draws, and a sw	java.lang.AssertionError: Failed to inject touch input. Reason: Expected exactly '1' node but could not find any node that satisfies: (ContentDescription = 'Layers: Topographical map. Choose the map type and overlays.' (ignoreCase: false)) 
36379342990	JournalPendingDeleteTest	213	266	JournalEntryCardsTest	16	52	0.043	an album photo has no corner delete control, and a long-press at that 	java.lang.AssertionError: Failed to assert count of nodes. Reason: Expected exactly '1' node but could not find any node that satisfies: ((OnClick is defined) && (hasAnyAncestorThat(IsPopup is defined))) 
36380885205	AvailabilityScreenMapLayersSheetTest	149	266	AvailabilityScreenMapIconStackTest	1	13	0.065	with the cluster dragged to the bottom on the right it stops above the	java.lang.AssertionError: expanded: and stays above the chip (601.6667.dp <= 467.0.dp)
36403735345	JournalPendingDeleteTest	213	266	JournalEntryCardsTest	23	52	0.07	Undo on an album photo brings it back and deletes neither row nor file	java.lang.AssertionError: Assert failed: The component with TestTag = 'tile-options-delete' is not displayed!
36405948461	JournalPendingDeleteTest	213	266	JournalEntryCardsTest	26	52	0.031	an album photo's Delete hides it and warns of its uses, and deletes it	java.lang.AssertionError: Assert failed: The component with TestTag = 'tile-options-delete' is not displayed!
36405948461	JournalPendingDeleteTest	213	266	JournalEntryCardsTest	43	52	0.029	a plain tap on an album photo still opens the viewer	java.lang.AssertionError: Failed: assertExists. Reason: Expected exactly '1' node but could not find any node that satisfies: (TestTag = 'photo-viewer') 
36410643187	JournalPendingDeleteTest	213	267	JournalEntryCardsTest	23	52	0.051	Undo on an album photo brings it back and deletes neither row nor file	java.lang.AssertionError: Assert failed: The component with TestTag = 'tile-options-delete' is not displayed!
36414333120	JournalPendingDeleteTest	214	268	JournalEntryCardsTest	43	52	0.054	a plain tap on an album photo still opens the viewer	java.lang.AssertionError: Failed: assertExists. Reason: Expected exactly '1' node but could not find any node that satisfies: (TestTag = 'photo-viewer') 
36416432775	JournalPendingDeleteTest	215	270	JournalEntryCardsTest	43	52	0.041	a plain tap on an album photo still opens the viewer	java.lang.AssertionError: Failed: assertExists. Reason: Expected exactly '1' node but could not find any node that satisfies: (TestTag = 'photo-viewer') 
36422708769	JournalPendingDeleteTest	219	274	JournalEntryCardsTest	23	52	0.043	Undo on an album photo brings it back and deletes neither row nor file	java.lang.AssertionError: Assert failed: The component with TestTag = 'tile-options-delete' is not displayed!
36425442901	JournalPendingDeleteTest	223	280	JournalEntryCardsTest	1	52	0.041	a long-press anywhere on an album photo opens a menu of exactly Delete	java.lang.AssertionError: Failed to assert count of nodes. Reason: Expected exactly '1' node but could not find any node that satisfies: ((OnClick is defined) && (hasAnyAncestorThat(IsPopup is defined))) 
36425442901	JournalPendingDeleteTest	223	280	JournalEntryCardsTest	16	52	0.098	an album photo has no corner delete control, and a long-press at that 	java.lang.AssertionError: Failed to assert count of nodes. Reason: Expected exactly '1' node but could not find any node that satisfies: ((OnClick is defined) && (hasAnyAncestorThat(IsPopup is defined))) 
36429638471	CompactSearchBarLocationControlsShortLandscapeTest	179	282	CompactSearchBarCopyTest	0	1	0.063	in short landscape a real touch on the compact search bar shows Set on	java.lang.AssertionError: Failed: assertExists. Reason: Expected exactly '1' node but could not find any node that satisfies: (ContentDescription = 'Collapse Advanced search' (ignoreCase: false)) 
36429638471	CompactSearchBarLocationControlsTest	180	282	CompactSearchBarLocationControlsShortLandscapeTest	0	2	0.065	in portrait the user's own collapse of the manual coordinates stands a	java.lang.AssertionError: Failed: assertExists. Reason: Expected exactly '1' node but could not find any node that satisfies: (ContentDescription = 'Collapse Advanced search' (ignoreCase: false)) 
36429638471	CompactSearchBarLocationControlsTest	180	282	CompactSearchBarLocationControlsShortLandscapeTest	1	2	0.086	in portrait a real touch on the compact search bar shows Set on map, U	java.lang.AssertionError: Failed: assertExists. Reason: Expected exactly '1' node but could not find any node that satisfies: (ContentDescription = 'Collapse Advanced search' (ignoreCase: false)) 
36430458582	CompactSearchBarLocationControlsShortLandscapeTest	179	282	CompactSearchBarCopyTest	0	1	0.065	in short landscape a real touch on the compact search bar shows Set on	java.lang.AssertionError: Failed: assertExists. Reason: Expected exactly '1' node but could not find any node that satisfies: (ContentDescription = 'Collapse Advanced search' (ignoreCase: false)) 
36430458582	CompactSearchBarLocationControlsTest	180	282	CompactSearchBarLocationControlsShortLandscapeTest	0	2	0.104	in portrait the user's own collapse of the manual coordinates stands a	java.lang.AssertionError: Failed: assertExists. Reason: Expected exactly '1' node but could not find any node that satisfies: (ContentDescription = 'Collapse Advanced search' (ignoreCase: false)) 
36430458582	CompactSearchBarLocationControlsTest	180	282	CompactSearchBarLocationControlsShortLandscapeTest	1	2	0.083	in portrait a real touch on the compact search bar shows Set on map, U	java.lang.AssertionError: Failed: assertExists. Reason: Expected exactly '1' node but could not find any node that satisfies: (ContentDescription = 'Collapse Advanced search' (ignoreCase: false)) 
36430458582	JournalPendingDeleteTest	225	282	JournalEntryCardsTest	1	52	0.114	a long-press anywhere on an album photo opens a menu of exactly Delete	java.lang.AssertionError: Failed to assert count of nodes. Reason: Expected exactly '1' node but could not find any node that satisfies: ((OnClick is defined) && (hasAnyAncestorThat(IsPopup is defined))) 
36433409537	CompactSearchBarLocationControlsShortLandscapeTest	179	282	CompactSearchBarCopyTest	0	1	0.07	in short landscape a real touch on the compact search bar shows Set on	java.lang.AssertionError: Failed: assertExists. Reason: Expected exactly '1' node but could not find any node that satisfies: (ContentDescription = 'Collapse Advanced search' (ignoreCase: false)) 
36433409537	CompactSearchBarLocationControlsTest	180	282	CompactSearchBarLocationControlsShortLandscapeTest	0	2	0.054	in portrait the user's own collapse of the manual coordinates stands a	java.lang.AssertionError: Failed: assertExists. Reason: Expected exactly '1' node but could not find any node that satisfies: (ContentDescription = 'Collapse Advanced search' (ignoreCase: false)) 
36433409537	CompactSearchBarLocationControlsTest	180	282	CompactSearchBarLocationControlsShortLandscapeTest	1	2	0.048	in portrait a real touch on the compact search bar shows Set on map, U	java.lang.AssertionError: Failed: assertExists. Reason: Expected exactly '1' node but could not find any node that satisfies: (ContentDescription = 'Collapse Advanced search' (ignoreCase: false)) 
36433409537	JournalPendingDeleteTest	225	282	JournalEntryCardsTest	43	52	0.111	a plain tap on an album photo still opens the viewer	java.lang.AssertionError: Failed: assertExists. Reason: Expected exactly '1' node but could not find any node that satisfies: (TestTag = 'photo-viewer') 
36434702458	JournalPendingDeleteTest	225	282	JournalEntryCardsTest	43	52	0.044	a plain tap on an album photo still opens the viewer	java.lang.AssertionError: Failed: assertExists. Reason: Expected exactly '1' node but could not find any node that satisfies: (TestTag = 'photo-viewer') 
36437646338	JournalPendingDeleteTest	226	283	JournalEntryCardsTest	16	52	0.061	an album photo has no corner delete control, and a long-press at that 	java.lang.AssertionError: Failed to assert count of nodes. Reason: Expected exactly '1' node but could not find any node that satisfies: ((OnClick is defined) && (hasAnyAncestorThat(IsPopup is defined))) 
36448731312	JournalPendingDeleteTest	226	283	JournalEntryCardsTest	1	52	0.077	a long-press anywhere on an album photo opens a menu of exactly Delete	java.lang.AssertionError: Failed to assert count of nodes. Reason: Expected exactly '1' node but could not find any node that satisfies: ((OnClick is defined) && (hasAnyAncestorThat(IsPopup is defined))) 
36457515928	JournalPendingDeleteTest	228	285	JournalEntryCardsTest	1	52	0.044	a long-press anywhere on an album photo opens a menu of exactly Delete	java.lang.AssertionError: Failed to assert count of nodes. Reason: Expected exactly '1' node but could not find any node that satisfies: ((OnClick is defined) && (hasAnyAncestorThat(IsPopup is defined))) 
36460075271	JournalTabTest	230	285	JournalShortWindowCardsTest	14	17	0.087	From Album on the edit form opens the picker and pulls the selected ph	java.lang.AssertionError: Assert failed: The component with ContentDescription = 'Log photo' (ignoreCase: false) is not displayed!
36461675073	JournalPendingDeleteTest	228	285	JournalEntryCardsTest	16	52	0.046	an album photo has no corner delete control, and a long-press at that 	java.lang.AssertionError: Failed to assert count of nodes. Reason: Expected exactly '1' node but could not find any node that satisfies: ((OnClick is defined) && (hasAnyAncestorThat(IsPopup is defined))) 
36467472356	JournalPendingDeleteTest	228	285	JournalEntryCardsTest	23	52	0.041	Undo on an album photo brings it back and deletes neither row nor file	java.lang.AssertionError: Assert failed: The component with TestTag = 'tile-options-delete' is not displayed!
36470311390	JournalPendingDeleteTest	228	285	JournalEntryCardsTest	23	52	0.044	Undo on an album photo brings it back and deletes neither row nor file	java.lang.AssertionError: Assert failed: The component with TestTag = 'tile-options-delete' is not displayed!
36474802555	JournalPendingDeleteTest	228	285	JournalEntryCardsTest	16	52	0.063	an album photo has no corner delete control, and a long-press at that 	java.lang.AssertionError: Failed to assert count of nodes. Reason: Expected exactly '1' node but could not find any node that satisfies: ((OnClick is defined) && (hasAnyAncestorThat(IsPopup is defined))) 
36483880075	JournalPendingDeleteTest	233	293	JournalEntryCardsTest	23	52	0.045	Undo on an album photo brings it back and deletes neither row nor file	java.lang.AssertionError: Assert failed: The component with TestTag = 'tile-options-delete' is not displayed!
36483880075	JournalPendingDeleteTest	233	293	JournalEntryCardsTest	43	52	0.048	a plain tap on an album photo still opens the viewer	java.lang.AssertionError: Failed: assertExists. Reason: Expected exactly '1' node but could not find any node that satisfies: (TestTag = 'photo-viewer') 
36484798543	JournalPendingDeleteTest	233	293	JournalEntryCardsTest	43	52	0.045	a plain tap on an album photo still opens the viewer	java.lang.AssertionError: Failed: assertExists. Reason: Expected exactly '1' node but could not find any node that satisfies: (TestTag = 'photo-viewer') 
36487664436	LeavingTheJournalFixesTest	196	296	LandscapeOfflinePickerTest	6	34	0.104	F3 a committed find open in its editor with a change is still in its e	java.lang.IllegalArgumentException: Detected multithreaded access to SnapshotStateObserver: previousThreadId=30), currentThread={id=26, name=SDK 36 Main Thread @kotlinx.coroutines.test runner#174394}. Note that observation on multiple threads in layout/draw is not supported. Make sure your measure/l
36489061157	JournalPendingDeleteTest	244	304	JournalEntryCardsTest	1	52	0.147	a long-press anywhere on an album photo opens a menu of exactly Delete	java.lang.AssertionError: Failed to assert count of nodes. Reason: Expected exactly '1' node but could not find any node that satisfies: ((OnClick is defined) && (hasAnyAncestorThat(IsPopup is defined))) 
36490041156	JournalPendingDeleteTest	244	304	JournalEntryCardsTest	1	52	0.1	a long-press anywhere on an album photo opens a menu of exactly Delete	java.lang.AssertionError: Failed to assert count of nodes. Reason: Expected exactly '1' node but could not find any node that satisfies: ((OnClick is defined) && (hasAnyAncestorThat(IsPopup is defined))) 
36490041156	JournalPendingDeleteTest	244	304	JournalEntryCardsTest	43	52	0.058	a plain tap on an album photo still opens the viewer	java.lang.AssertionError: Failed: assertExists. Reason: Expected exactly '1' node but could not find any node that satisfies: (TestTag = 'photo-viewer') 
36492365464	JournalPendingDeleteTest	244	304	JournalEntryCardsTest	26	52	0.033	an album photo's Delete hides it and warns of its uses, and deletes it	java.lang.AssertionError: Assert failed: The component with TestTag = 'tile-options-delete' is not displayed!
36492365464	JournalTabTest	246	304	JournalShortWindowCardsTest	14	17	0.086	From Album on the edit form opens the picker and pulls the selected ph	java.lang.AssertionError: Assert failed: The component with ContentDescription = 'Log photo' (ignoreCase: false) is not displayed!
36497708701	JournalPendingDeleteTest	246	306	JournalEntryCardsTest	23	52	0.114	Undo on an album photo brings it back and deletes neither row nor file	java.lang.AssertionError: Assert failed: The component with TestTag = 'tile-options-delete' is not displayed!
36501835950	JournalPendingDeleteTest	246	306	JournalEntryCardsTest	1	52	0.144	a long-press anywhere on an album photo opens a menu of exactly Delete	java.lang.AssertionError: Failed to assert count of nodes. Reason: Expected exactly '1' node but could not find any node that satisfies: ((OnClick is defined) && (hasAnyAncestorThat(IsPopup is defined))) 
36504759100	JournalPendingDeleteTest	250	311	JournalEntryCardsTest	1	52	0.072	a long-press anywhere on an album photo opens a menu of exactly Delete	java.lang.AssertionError: Failed to assert count of nodes. Reason: Expected exactly '1' node but could not find any node that satisfies: ((OnClick is defined) && (hasAnyAncestorThat(IsPopup is defined))) 
36504759100	JournalPendingDeleteTest	250	311	JournalEntryCardsTest	43	52	0.03	a plain tap on an album photo still opens the viewer	java.lang.AssertionError: Failed: assertExists. Reason: Expected exactly '1' node but could not find any node that satisfies: (TestTag = 'photo-viewer') 
36512380437	JournalPendingDeleteTest	255	316	JournalEntryCardsTest	1	52	0.062	a long-press anywhere on an album photo opens a menu of exactly Delete	java.lang.AssertionError: Failed to assert count of nodes. Reason: Expected exactly '1' node but could not find any node that satisfies: ((OnClick is defined) && (hasAnyAncestorThat(IsPopup is defined))) 
36512380437	JournalPendingDeleteTest	255	316	JournalEntryCardsTest	26	52	0.037	an album photo's Delete hides it and warns of its uses, and deletes it	java.lang.AssertionError: Assert failed: The component with TestTag = 'tile-options-delete' is not displayed!
36512380437	JournalPendingDeleteTest	255	316	JournalEntryCardsTest	43	52	0.039	a plain tap on an album photo still opens the viewer	java.lang.AssertionError: Failed: assertExists. Reason: Expected exactly '1' node but could not find any node that satisfies: (TestTag = 'photo-viewer') 
36513709377	JournalPendingDeleteTest	255	316	JournalEntryCardsTest	26	52	0.04	an album photo's Delete hides it and warns of its uses, and deletes it	java.lang.AssertionError: Assert failed: The component with TestTag = 'tile-options-delete' is not displayed!
36516994616	JournalPendingDeleteTest	258	319	JournalEntryCardsTest	43	52	0.041	a plain tap on an album photo still opens the viewer	java.lang.AssertionError: Failed: assertExists. Reason: Expected exactly '1' node but could not find any node that satisfies: (TestTag = 'photo-viewer') 
36519591419	JournalPendingDeleteTest	258	321	JournalEntryCardsTest	43	52	0.033	a plain tap on an album photo still opens the viewer	java.lang.AssertionError: Failed: assertExists. Reason: Expected exactly '1' node but could not find any node that satisfies: (TestTag = 'photo-viewer') 
36524186919	ScheduledBackupTest	10	327	JournalBackupTest	6	11	0.208	enabling schedules one periodic job at the chosen frequency, and nothi	java.lang.AssertionError: expected:<ENQUEUED> but was:<RUNNING>
36531183546	JournalPendingDeleteTest	278	341	JournalEntryCardsTest	23	52	0.133	Undo on an album photo brings it back and deletes neither row nor file	java.lang.AssertionError: Assert failed: The component with TestTag = 'tile-options-delete' is not displayed!
36539276877	JournalPendingDeleteTest	282	345	JournalEntryCardsTest	43	52	0.11	a plain tap on an album photo still opens the viewer	java.lang.AssertionError: Failed: assertExists. Reason: Expected exactly '1' node but could not find any node that satisfies: (TestTag = 'photo-viewer') 
36541931932	JournalPendingDeleteTest	282	345	JournalEntryCardsTest	23	52	0.039	Undo on an album photo brings it back and deletes neither row nor file	java.lang.AssertionError: Assert failed: The component with TestTag = 'tile-options-delete' is not displayed!
36541931932	JournalPendingDeleteTest	282	345	JournalEntryCardsTest	26	52	0.048	an album photo's Delete hides it and warns of its uses, and deletes it	java.lang.AssertionError: Assert failed: The component with TestTag = 'tile-options-delete' is not displayed!
36544815356	WideJournalTest	246	348	SnackbarShortLandscapeTest	24	28	0.238	FAILS AT BASE a long-press on an album photo offers Delete with Undo, 	java.lang.AssertionError: a long-press at (0.8, 0.85) of the photo opens a Delete menu
36544815356	JournalPendingDeleteTest	284	348	JournalEntryCardsTest	23	52	0.041	Undo on an album photo brings it back and deletes neither row nor file	java.lang.AssertionError: Assert failed: The component with TestTag = 'tile-options-delete' is not displayed!
36544815356	JournalPendingDeleteTest	284	348	JournalEntryCardsTest	43	52	0.096	a plain tap on an album photo still opens the viewer	java.lang.AssertionError: Failed: assertExists. Reason: Expected exactly '1' node but could not find any node that satisfies: (TestTag = 'photo-viewer') 
36547291302	WideJournalTest	246	348	SnackbarShortLandscapeTest	24	28	0.123	FAILS AT BASE a long-press on an album photo offers Delete with Undo, 	java.lang.AssertionError: a long-press at (0.2, 0.3) of the photo opens a Delete menu
36551173606	JournalPendingDeleteTest	284	348	JournalEntryCardsTest	1	52	0.121	a long-press anywhere on an album photo opens a menu of exactly Delete	java.lang.AssertionError: Failed to assert count of nodes. Reason: Expected exactly '1' node but could not find any node that satisfies: ((OnClick is defined) && (hasAnyAncestorThat(IsPopup is defined))) 
36551173606	JournalPendingDeleteTest	284	348	JournalEntryCardsTest	16	52	0.044	an album photo has no corner delete control, and a long-press at that 	java.lang.AssertionError: Failed to assert count of nodes. Reason: Expected exactly '1' node but could not find any node that satisfies: ((OnClick is defined) && (hasAnyAncestorThat(IsPopup is defined))) 
36551173606	JournalPendingDeleteTest	284	348	JournalEntryCardsTest	43	52	0.034	a plain tap on an album photo still opens the viewer	java.lang.AssertionError: Failed: assertExists. Reason: Expected exactly '1' node but could not find any node that satisfies: (TestTag = 'photo-viewer') 
36552359373	JournalPendingDeleteTest	284	348	JournalEntryCardsTest	1	52	0.059	a long-press anywhere on an album photo opens a menu of exactly Delete	java.lang.AssertionError: Failed to assert count of nodes. Reason: Expected exactly '1' node but could not find any node that satisfies: ((OnClick is defined) && (hasAnyAncestorThat(IsPopup is defined))) 
36558070397	JournalPendingDeleteTest	285	348	JournalEntryCardsTest	43	52	0.062	a plain tap on an album photo still opens the viewer	java.lang.AssertionError: Failed: assertExists. Reason: Expected exactly '1' node but could not find any node that satisfies: (TestTag = 'photo-viewer') 
36561845296	JournalPendingDeleteTest	288	351	JournalEntryCardsTest	23	52	0.04	Undo on an album photo brings it back and deletes neither row nor file	java.lang.AssertionError: Assert failed: The component with TestTag = 'tile-options-delete' is not displayed!
36561845296	JournalPendingDeleteTest	288	351	JournalEntryCardsTest	43	52	0.065	a plain tap on an album photo still opens the viewer	java.lang.AssertionError: Failed: assertExists. Reason: Expected exactly '1' node but could not find any node that satisfies: (TestTag = 'photo-viewer') 
36564259128	LeavingTheJournalFixesTest	218	355	LayoutFixesShortLandscapeTest	7	34	0.119	F3 a committed find open in its editor with a change is still in its e	java.lang.IllegalArgumentException: performMeasureAndLayout called during measure layout
36566321279	WideJournalTest	250	356	SnackbarShortLandscapeTest	24	28	0.07	FAILS AT BASE a long-press on an album photo offers Delete with Undo, 	java.lang.AssertionError: a long-press at (0.5, 0.7) of the photo opens a Delete menu
36573051423	JournalPendingDeleteTest	292	356	JournalEntryCardsTest	1	52	0.091	a long-press anywhere on an album photo opens a menu of exactly Delete	java.lang.AssertionError: Failed to assert count of nodes. Reason: Expected exactly '1' node but could not find any node that satisfies: ((OnClick is defined) && (hasAnyAncestorThat(IsPopup is defined))) 
36604591088	JournalPendingDeleteTest	297	369	JournalEntryCardsTest	23	52	0.04	Undo on an album photo brings it back and deletes neither row nor file	java.lang.AssertionError: Assert failed: The component with TestTag = 'tile-options-delete' is not displayed!
36604591088	JournalPendingDeleteTest	297	369	JournalEntryCardsTest	43	52	0.04	a plain tap on an album photo still opens the viewer	java.lang.AssertionError: Failed: assertExists. Reason: Expected exactly '1' node but could not find any node that satisfies: (TestTag = 'photo-viewer') 
36610314642	JournalPendingDeleteTest	299	372	JournalEntryCardsTest	1	52	0.04	a long-press anywhere on an album photo opens a menu of exactly Delete	java.lang.AssertionError: Failed to assert count of nodes. Reason: Expected exactly '1' node but could not find any node that satisfies: ((OnClick is defined) && (hasAnyAncestorThat(IsPopup is defined))) 
36614885083	LeavingTheJournalFixesTest	221	378	LayoutFixesShortLandscapeTest	7	34	0.114	F3 a committed find open in its editor with a change is still in its e	java.lang.IllegalArgumentException: performMeasureAndLayout called during measure layout
36614885083	JournalPendingDeleteTest	302	378	JournalEntryCardsTest	43	52	0.039	a plain tap on an album photo still opens the viewer	java.lang.AssertionError: Failed: assertExists. Reason: Expected exactly '1' node but could not find any node that satisfies: (TestTag = 'photo-viewer') 
36635361376	JournalPendingDeleteTest	316	395	JournalEntryCardsTest	16	52	0.045	an album photo has no corner delete control, and a long-press at that 	java.lang.AssertionError: Failed to assert count of nodes. Reason: Expected exactly '1' node but could not find any node that satisfies: ((OnClick is defined) && (hasAnyAncestorThat(IsPopup is defined))) 
36635361376	JournalTabTest	318	395	JournalShortWindowCardsTest	14	17	0.049	From Album on the edit form opens the picker and pulls the selected ph	java.lang.AssertionError: Assert failed: The component with ContentDescription = 'Log photo' (ignoreCase: false) is not displayed!
36652635172	WideJournalTest	273	395	WideChipRowClusterGuardPortraitTest	1	29	0.147	FAILS AT BASE Back unwinds a find one step at a time, picker then edit	java.lang.IllegalArgumentException: performMeasureAndLayout called during measure layout
36652635172	JournalPendingDeleteTest	316	395	JournalEntryCardsTest	23	52	0.033	Undo on an album photo brings it back and deletes neither row nor file	java.lang.AssertionError: Assert failed: The component with TestTag = 'tile-options-delete' is not displayed!
36655127412	JournalPendingDeleteTest	298	376	JournalEntryCardsTest	23	52	0.04	Undo on an album photo brings it back and deletes neither row nor file	java.lang.AssertionError: Assert failed: The component with TestTag = 'tile-options-delete' is not displayed!
36660897136	JournalPendingDeleteTest	298	376	JournalEntryCardsTest	26	52	0.038	an album photo's Delete hides it and warns of its uses, and deletes it	java.lang.AssertionError: Assert failed: The component with TestTag = 'tile-options-delete' is not displayed!
36663899002	JournalPendingDeleteTest	302	384	JournalEntryCardsTest	16	52	0.06	an album photo has no corner delete control, and a long-press at that 	java.lang.AssertionError: Failed to assert count of nodes. Reason: Expected exactly '1' node but could not find any node that satisfies: ((OnClick is defined) && (hasAnyAncestorThat(IsPopup is defined))) 
36663899002	JournalPendingDeleteTest	302	384	JournalEntryCardsTest	26	52	0.088	an album photo's Delete hides it and warns of its uses, and deletes it	java.lang.AssertionError: Assert failed: The component with TestTag = 'tile-options-delete' is not displayed!
36668512108	JournalPendingDeleteTest	302	384	JournalEntryCardsTest	1	52	0.106	a long-press anywhere on an album photo opens a menu of exactly Delete	java.lang.AssertionError: Failed to assert count of nodes. Reason: Expected exactly '1' node but could not find any node that satisfies: ((OnClick is defined) && (hasAnyAncestorThat(IsPopup is defined))) 
36685180651	JournalPendingDeleteTest	302	384	JournalEntryCardsTest	23	52	0.041	Undo on an album photo brings it back and deletes neither row nor file	java.lang.AssertionError: Assert failed: The component with TestTag = 'tile-options-delete' is not displayed!
36689970941	JournalPendingDeleteTest	302	385	JournalEntryCardsTest	43	52	0.043	a plain tap on an album photo still opens the viewer	java.lang.AssertionError: Failed: assertExists. Reason: Expected exactly '1' node but could not find any node that satisfies: (TestTag = 'photo-viewer') 
36694786884	JournalPendingDeleteTest	302	385	JournalEntryCardsTest	26	52	0.126	an album photo's Delete hides it and warns of its uses, and deletes it	java.lang.AssertionError: Assert failed: The component with TestTag = 'tile-options-delete' is not displayed!
36700604508	JournalEntriesOnMapFollowUpsTest	208	388	INaturalistObservationIntentTest	0	6	60.13	a photo not highlighted keeps its whole line, and once its entry is sh	java.lang.IllegalArgumentException: performMeasureAndLayout called during measure layout
36735510658	JournalPendingDeleteTest	302	388	JournalEntryCardsTest	23	52	0.036	Undo on an album photo brings it back and deletes neither row nor file	java.lang.AssertionError: Assert failed: The component with TestTag = 'tile-options-delete' is not displayed!
36735510658	JournalPendingDeleteTest	302	388	JournalEntryCardsTest	26	52	0.054	an album photo's Delete hides it and warns of its uses, and deletes it	java.lang.AssertionError: Assert failed: The component with TestTag = 'tile-options-delete' is not displayed!
36735510658	JournalPendingDeleteTest	302	388	JournalEntryCardsTest	43	52	0.051	a plain tap on an album photo still opens the viewer	java.lang.AssertionError: Failed: assertExists. Reason: Expected exactly '1' node but could not find any node that satisfies: (TestTag = 'photo-viewer') 
36743426901	JournalTabTest	304	388	JournalShortWindowCardsTest	15	18	0.082	From Album on the edit form opens the picker and pulls the selected ph	java.lang.AssertionError: Assert failed: The component with ContentDescription = 'Log photo' (ignoreCase: false) is not displayed!
36749214630	JournalPendingDeleteTest	302	388	JournalEntryCardsTest	23	52	0.038	Undo on an album photo brings it back and deletes neither row nor file	java.lang.AssertionError: Assert failed: The component with TestTag = 'tile-options-delete' is not displayed!
36753198796	JournalPendingDeleteTest	302	388	JournalEntryCardsTest	43	52	0.053	a plain tap on an album photo still opens the viewer	java.lang.AssertionError: Failed: assertExists. Reason: Expected exactly '1' node but could not find any node that satisfies: (TestTag = 'photo-viewer') 
36756009834	JournalPendingDeleteTest	302	389	JournalEntryCardsTest	23	52	0.042	Undo on an album photo brings it back and deletes neither row nor file	java.lang.AssertionError: Assert failed: The component with TestTag = 'tile-options-delete' is not displayed!
36757883631	JournalPendingDeleteTest	302	389	JournalEntryCardsTest	23	52	0.044	Undo on an album photo brings it back and deletes neither row nor file	java.lang.AssertionError: Assert failed: The component with TestTag = 'tile-options-delete' is not displayed!
