2026-09-27T21:25:34Z	36351682776	2d3c801e	JournalTabTest	From Album on the edit form opens the picker and pulls the selected photo into the entry	AssertionError at JournalTabTest.kt:472	composeRule.onNodeWithContentDescription("Log photo").assertIsDisplayed()
2026-09-27T21:46:02Z	36352918963	27e5c70a	JournalPendingDeleteTest	Undo on an album photo brings it back and deletes neither row nor file	AssertionError at JournalPendingDeleteTest.kt:1133	composeRule.onNodeWithTag(tag).assertIsDisplayed().performTouchInput { click(center) }
2026-09-27T21:53:40Z	36353363937	381e1e71	JournalPendingDeleteTest	Undo on an album photo brings it back and deletes neither row nor file	AssertionError at JournalPendingDeleteTest.kt:1133	composeRule.onNodeWithTag(tag).assertIsDisplayed().performTouchInput { click(center) }
2026-09-27T22:59:21Z	36357141414	488d361c	JournalPendingDeleteTest	an album photo's Delete hides it and warns of its uses, and deletes its row and file only when the snackbar ends	AssertionError at JournalPendingDeleteTest.kt:1133	composeRule.onNodeWithTag(tag).assertIsDisplayed().performTouchInput { click(center) }
2026-09-27T23:11:55Z	36357874550	337e5b53	JournalPendingDeleteTest	a plain tap on an album photo still opens the viewer	AssertionError at JournalPendingDeleteTest.kt:1364	composeRule.onNodeWithTag(PHOTO_VIEWER_TAG).assertExists()
2026-09-27T23:27:09Z	36358735531	1476e97c	JournalPendingDeleteTest	an album photo's Delete hides it and warns of its uses, and deletes its row and file only when the snackbar ends	AssertionError at JournalPendingDeleteTest.kt:1133	composeRule.onNodeWithTag(tag).assertIsDisplayed().performTouchInput { click(center) }
2026-09-28T02:17:27Z	36369257481	24589349	JournalPendingDeleteTest	Undo on an album photo brings it back and deletes neither row nor file	AssertionError at JournalPendingDeleteTest.kt:1133	composeRule.onNodeWithTag(tag).assertIsDisplayed().performTouchInput { click(center) }
2026-09-28T02:39:55Z	36370685316	f62eb3e5	JournalPendingDeleteTest	Undo on an album photo brings it back and deletes neither row nor file	AssertionError at JournalPendingDeleteTest.kt:1133	composeRule.onNodeWithTag(tag).assertIsDisplayed().performTouchInput { click(center) }
2026-09-28T03:05:56Z	36372351220	f18af53e	JournalPendingDeleteTest	an album photo's Delete hides it and warns of its uses, and deletes its row and file only when the snackbar ends	AssertionError at JournalPendingDeleteTest.kt:1133	composeRule.onNodeWithTag(tag).assertIsDisplayed().performTouchInput { click(center) }
2026-09-28T03:53:14Z	36375456067	09bf96b7	JournalPendingDeleteTest	Undo on an album photo brings it back and deletes neither row nor file	AssertionError at JournalPendingDeleteTest.kt:1133	composeRule.onNodeWithTag(tag).assertIsDisplayed().performTouchInput { click(center) }
2026-09-28T04:13:01Z	36376757008	f7e219aa	JournalPendingDeleteTest	an album photo has no corner delete control, and a long-press at that corner opens the Delete menu	AssertionError at JournalPendingDeleteTest.kt:1349	menuItems().assertCountEquals(1)
2026-09-28T04:49:57Z	36379342990	45c82cdc	AvailabilityScreenMapLayersSheetTest	a tap on the chip shows the legend with each ramp's 0 and 100 percent, the dates, no forecast here and the reference class, and a second tap hides it	AssertionError at AvailabilityScreenMapLayersTest.kt:287	composeRule.onNodeWithTag(MAP_LEGEND_CHIP_TAG).touch()
2026-09-28T04:49:57Z	36379342990	45c82cdc	AvailabilityScreenMapLayersSheetTest	with the cluster dragged to the bottom on the right it stops above the chip, rises when the legend expands and returns when it collapses	AssertionError at AvailabilityScreenMapLayersTest.kt:367	fun chipTop() = composeRule.onNodeWithTag(MAP_LEGEND_CHIP_TAG).getUnclippedBoundsInRoot().top
2026-09-28T04:49:57Z	36379342990	45c82cdc	AvailabilityScreenMapLayersSheetTest	touches on the map all around the legend chip reach the map	AssertionError at AvailabilityScreenMapLayersTest.kt:309	val chip = composeRule.onNodeWithTag(MAP_LEGEND_CHIP_TAG).getUnclippedBoundsInRoot()
2026-09-28T04:49:57Z	36379342990	45c82cdc	AvailabilityScreenMapLayersSheetTest	with the release build's store the sheet lists no colour field, no legend shows, and no credit is added	AssertionError at AvailabilityScreenMapLayersTest.kt:133	composeRule.onNodeWithContentDescription(LAYERS_ROW_DESCRIPTION).touch()
2026-09-28T04:49:57Z	36379342990	45c82cdc	AvailabilityScreenMapLayersSheetTest	a real touch on the Layers row opens the Layers sheet, with Map type and the Maps tab's seven overlays	AssertionError at AvailabilityScreenMapLayersTest.kt:133	composeRule.onNodeWithContentDescription(LAYERS_ROW_DESCRIPTION).touch()
2026-09-28T04:49:57Z	36379342990	45c82cdc	AvailabilityScreenMapLayersSheetTest	with no colour field visible there is no legend chip, and switching one on in the sheet shows it	AssertionError at AvailabilityScreenMapLayersTest.kt:133	composeRule.onNodeWithContentDescription(LAYERS_ROW_DESCRIPTION).touch()
2026-09-28T04:49:57Z	36379342990	45c82cdc	AvailabilityScreenMapLayersSheetTest	with forecast data the colour fields are listed top first with an opacity slider and a reorder handle, and Move up reorders them	AssertionError at AvailabilityScreenMapLayersTest.kt:133	composeRule.onNodeWithContentDescription(LAYERS_ROW_DESCRIPTION).touch()
2026-09-28T04:49:57Z	36379342990	45c82cdc	AvailabilityScreenMapLayersSheetTest	while a colour field is visible the legend chip shows at the bottom right above the nav, collapsed to 2 layers	AssertionError at AvailabilityScreenMapLayersTest.kt:273	chip.assertIsDisplayed()
2026-09-28T04:49:57Z	36379342990	45c82cdc	AvailabilityScreenMapLayersSheetTest	choosing a map type in the sheet applies it and the sheet stays open	AssertionError at AvailabilityScreenMapLayersTest.kt:133	composeRule.onNodeWithContentDescription(LAYERS_ROW_DESCRIPTION).touch()
2026-09-28T04:49:57Z	36379342990	45c82cdc	AvailabilityScreenMapLayersSheetTest	a touch on the opacity slider sets that layer's opacity, and its value reads as a percent	AssertionError at AvailabilityScreenMapLayersTest.kt:133	composeRule.onNodeWithContentDescription(LAYERS_ROW_DESCRIPTION).touch()
2026-09-28T04:49:57Z	36379342990	45c82cdc	AvailabilityScreenMapLayersSheetTest	dragging a colour field's handle down one row moves it one place down	AssertionError at AvailabilityScreenMapLayersTest.kt:133	composeRule.onNodeWithContentDescription(LAYERS_ROW_DESCRIPTION).touch()
2026-09-28T04:49:57Z	36379342990	45c82cdc	AvailabilityScreenMapLayersSheetTest	once the sheet is closed, touches where it was and around the Layers row reach the map	AssertionError at AvailabilityScreenMapLayersTest.kt:133	composeRule.onNodeWithContentDescription(LAYERS_ROW_DESCRIPTION).touch()
2026-09-28T04:49:57Z	36379342990	45c82cdc	AvailabilityScreenMapLayersSheetTest	switching Finds off in the sheet hides finds in the state the map is handed, and stores the choice	AssertionError at AvailabilityScreenMapLayersTest.kt:133	composeRule.onNodeWithContentDescription(LAYERS_ROW_DESCRIPTION).touch()
2026-09-28T04:49:57Z	36379342990	45c82cdc	AvailabilityScreenMapLayersShortLandscapeTest	the legend chip sits at the bottom right, clear of the rail and the cluster, and touches around it reach the map	AssertionError at AvailabilityScreenMapLayersTest.kt:419	val chip = composeRule.onNodeWithTag(MAP_LEGEND_CHIP_TAG).getUnclippedBoundsInRoot()
2026-09-28T04:49:57Z	36379342990	45c82cdc	AvailabilityScreenMapLayersShortLandscapeTest	a real touch on the Layers row opens the sheet, and its content scrolls to the last overlay	AssertionError at AvailabilityScreenMapLayersTest.kt:408	composeRule.onNodeWithContentDescription(LAYERS_ROW_DESCRIPTION).touch()
2026-09-28T04:49:57Z	36379342990	45c82cdc	AvailabilityScreenMapLayersWideTest	the legend chip sits above the add button, and touches around it reach the map	AssertionError at AvailabilityScreenMapLayersTest.kt:485	val chip = composeRule.onNodeWithTag(MAP_LEGEND_CHIP_TAG).getUnclippedBoundsInRoot()
2026-09-28T04:49:57Z	36379342990	45c82cdc	AvailabilityScreenMapLayersWideTest	a real touch on the wide Layers control opens the sheet	AssertionError at AvailabilityScreenMapLayersTest.kt:461	composeRule.onNodeWithContentDescription(LAYERS_ROW_DESCRIPTION).touch()
2026-09-28T04:49:57Z	36379342990	45c82cdc	AvailabilityScreenMapLayersWideTest	switching Tracks off in the wide sheet hides kept tracks in the state the map is handed	AssertionError at AvailabilityScreenMapLayersTest.kt:472	composeRule.onNodeWithContentDescription(LAYERS_ROW_DESCRIPTION).touch()
2026-09-28T04:49:57Z	36379342990	45c82cdc	DiagnosticsSyntheticForecastSwitchTest	the first toggle is Synthetic forecast layers, above the log row, showing the stored state	ComposeTimeoutException at DiagnosticsSyntheticForecastSwitchTest.kt:91	composeRule.waitUntil(timeoutMillis = 5_000) {
2026-09-28T04:49:57Z	36379342990	45c82cdc	DiagnosticsSyntheticForecastSwitchTest	the panel's entry point shows the app's own store, and turning it on gives the store data	ComposeTimeoutException at DiagnosticsSyntheticForecastSwitchTest.kt:91	composeRule.waitUntil(timeoutMillis = 5_000) {
2026-09-28T04:49:57Z	36379342990	45c82cdc	DiagnosticsSyntheticForecastSwitchTest	a write that fails leaves the toggle showing what is stored	ComposeTimeoutException at DiagnosticsSyntheticForecastSwitchTest.kt:91	composeRule.waitUntil(timeoutMillis = 5_000) {
2026-09-28T04:49:57Z	36379342990	45c82cdc	DiagnosticsSyntheticForecastSwitchTest	a real touch on the toggle turns the switch on and stores it, and a second turns it off	ComposeTimeoutException at DiagnosticsSyntheticForecastSwitchTest.kt:91	composeRule.waitUntil(timeoutMillis = 5_000) {
2026-09-28T04:49:57Z	36379342990	45c82cdc	CartographyEntryMapLayersTest	the entry map draws with the shared layer choices, and with no forecast store	AssertionError at CartographyEntryMapLayersTest.kt:122	assertEquals(false, renderMode?.layers?.stateOf(MapLayerIds.FINDS)?.visible)
2026-09-28T04:49:57Z	36379342990	45c82cdc	CartographyEntryMapLayersTest	its sheet lists only the five record overlays this map draws, and a switch there goes to the shared choices	AssertionError at CartographyEntryMapLayersTest.kt:131	composeRule.onNode(hasContentDescription("Layers: Topographical map. Choose the map type and overlays.")).performTouchInput { click() }
2026-09-28T04:49:57Z	36379342990	45c82cdc	JournalPendingDeleteTest	an album photo has no corner delete control, and a long-press at that corner opens the Delete menu	AssertionError at JournalPendingDeleteTest.kt:1349	menuItems().assertCountEquals(1)
2026-09-28T05:12:19Z	36380885205	338b241e	AvailabilityScreenMapLayersSheetTest	with the cluster dragged to the bottom on the right it stops above the chip, rises when the legend expands and returns when it collapses	AssertionError at AvailabilityScreenMapLayersTest.kt:378	assertTrue("expanded: and stays above the chip ($raised <= ${chipTop()})", raised <= chipTop() + 1.dp)
2026-09-28T09:28:36Z	36403735345	2e890911	JournalPendingDeleteTest	Undo on an album photo brings it back and deletes neither row nor file	AssertionError at JournalPendingDeleteTest.kt:1133	composeRule.onNodeWithTag(tag).assertIsDisplayed().performTouchInput { click(center) }
2026-09-28T09:49:40Z	36405948461	637451f7	JournalPendingDeleteTest	an album photo's Delete hides it and warns of its uses, and deletes its row and file only when the snackbar ends	AssertionError at JournalPendingDeleteTest.kt:1133	composeRule.onNodeWithTag(tag).assertIsDisplayed().performTouchInput { click(center) }
2026-09-28T09:49:40Z	36405948461	637451f7	JournalPendingDeleteTest	a plain tap on an album photo still opens the viewer	AssertionError at JournalPendingDeleteTest.kt:1364	composeRule.onNodeWithTag(PHOTO_VIEWER_TAG).assertExists()
2026-09-28T10:35:49Z	36410643187	75c050f7	JournalPendingDeleteTest	Undo on an album photo brings it back and deletes neither row nor file	AssertionError at JournalPendingDeleteTest.kt:1133	composeRule.onNodeWithTag(tag).assertIsDisplayed().performTouchInput { click(center) }
2026-09-28T11:13:10Z	36414333120	4b6b7e59	JournalPendingDeleteTest	a plain tap on an album photo still opens the viewer	AssertionError at JournalPendingDeleteTest.kt:1364	composeRule.onNodeWithTag(PHOTO_VIEWER_TAG).assertExists()
2026-09-28T11:34:19Z	36416432775	2a540290	JournalPendingDeleteTest	a plain tap on an album photo still opens the viewer	AssertionError at JournalPendingDeleteTest.kt:1364	composeRule.onNodeWithTag(PHOTO_VIEWER_TAG).assertExists()
2026-09-28T12:34:35Z	36422708769	be84b786	JournalPendingDeleteTest	Undo on an album photo brings it back and deletes neither row nor file	AssertionError at JournalPendingDeleteTest.kt:1133	composeRule.onNodeWithTag(tag).assertIsDisplayed().performTouchInput { click(center) }
2026-09-28T12:59:30Z	36425442901	da5ad1b7	JournalPendingDeleteTest	a long-press anywhere on an album photo opens a menu of exactly Delete	AssertionError at JournalPendingDeleteTest.kt:1263	menuItems().assertCountEquals(1)
2026-09-28T12:59:30Z	36425442901	da5ad1b7	JournalPendingDeleteTest	an album photo has no corner delete control, and a long-press at that corner opens the Delete menu	AssertionError at JournalPendingDeleteTest.kt:1349	menuItems().assertCountEquals(1)
2026-09-28T13:35:04Z	36429638471	2e463672	CompactSearchBarLocationControlsShortLandscapeTest	in short landscape a real touch on the compact search bar shows Set on map, Use current location and the manual coordinates at once	AssertionError at AvailabilitySearchSummaryCopyTest.kt:249	composeRule.assertCompactBarTapShowsLocationControls()
2026-09-28T13:35:04Z	36429638471	2e463672	CompactSearchBarLocationControlsTest	in portrait the user's own collapse of the manual coordinates stands after the tap expanded them	AssertionError at AvailabilitySearchSummaryCopyTest.kt:227	composeRule.assertCompactBarTapShowsLocationControls()
2026-09-28T13:35:04Z	36429638471	2e463672	CompactSearchBarLocationControlsTest	in portrait a real touch on the compact search bar shows Set on map, Use current location and the manual coordinates at once	AssertionError at AvailabilitySearchSummaryCopyTest.kt:221	composeRule.assertCompactBarTapShowsLocationControls()
2026-09-28T13:41:58Z	36430458582	e3bd1b9c	CompactSearchBarLocationControlsShortLandscapeTest	in short landscape a real touch on the compact search bar shows Set on map, Use current location and the manual coordinates at once	AssertionError at AvailabilitySearchSummaryCopyTest.kt:249	composeRule.assertCompactBarTapShowsLocationControls()
2026-09-28T13:41:58Z	36430458582	e3bd1b9c	CompactSearchBarLocationControlsTest	in portrait the user's own collapse of the manual coordinates stands after the tap expanded them	AssertionError at AvailabilitySearchSummaryCopyTest.kt:227	composeRule.assertCompactBarTapShowsLocationControls()
2026-09-28T13:41:58Z	36430458582	e3bd1b9c	CompactSearchBarLocationControlsTest	in portrait a real touch on the compact search bar shows Set on map, Use current location and the manual coordinates at once	AssertionError at AvailabilitySearchSummaryCopyTest.kt:221	composeRule.assertCompactBarTapShowsLocationControls()
2026-09-28T13:41:58Z	36430458582	e3bd1b9c	JournalPendingDeleteTest	a long-press anywhere on an album photo opens a menu of exactly Delete	AssertionError at JournalPendingDeleteTest.kt:1263	menuItems().assertCountEquals(1)
2026-09-28T14:06:00Z	36433409537	b08fd633	CompactSearchBarLocationControlsShortLandscapeTest	in short landscape a real touch on the compact search bar shows Set on map, Use current location and the manual coordinates at once	AssertionError at AvailabilitySearchSummaryCopyTest.kt:249	composeRule.assertCompactBarTapShowsLocationControls()
2026-09-28T14:06:00Z	36433409537	b08fd633	CompactSearchBarLocationControlsTest	in portrait the user's own collapse of the manual coordinates stands after the tap expanded them	AssertionError at AvailabilitySearchSummaryCopyTest.kt:227	composeRule.assertCompactBarTapShowsLocationControls()
2026-09-28T14:06:00Z	36433409537	b08fd633	CompactSearchBarLocationControlsTest	in portrait a real touch on the compact search bar shows Set on map, Use current location and the manual coordinates at once	AssertionError at AvailabilitySearchSummaryCopyTest.kt:221	composeRule.assertCompactBarTapShowsLocationControls()
2026-09-28T14:06:00Z	36433409537	b08fd633	JournalPendingDeleteTest	a plain tap on an album photo still opens the viewer	AssertionError at JournalPendingDeleteTest.kt:1364	composeRule.onNodeWithTag(PHOTO_VIEWER_TAG).assertExists()
2026-09-28T14:16:11Z	36434702458	18cc8bbf	JournalPendingDeleteTest	a plain tap on an album photo still opens the viewer	AssertionError at JournalPendingDeleteTest.kt:1364	composeRule.onNodeWithTag(PHOTO_VIEWER_TAG).assertExists()
2026-09-28T14:39:38Z	36437646338	b5359cd9	JournalPendingDeleteTest	an album photo has no corner delete control, and a long-press at that corner opens the Delete menu	AssertionError at JournalPendingDeleteTest.kt:1349	menuItems().assertCountEquals(1)
2026-09-28T16:07:27Z	36448731312	1fe6c178	JournalPendingDeleteTest	a long-press anywhere on an album photo opens a menu of exactly Delete	AssertionError at JournalPendingDeleteTest.kt:1263	menuItems().assertCountEquals(1)
2026-09-28T17:21:14Z	36457515928	edd56eb3	JournalPendingDeleteTest	a long-press anywhere on an album photo opens a menu of exactly Delete	AssertionError at JournalPendingDeleteTest.kt:1263	menuItems().assertCountEquals(1)
2026-09-28T17:42:54Z	36460075271	864b1afb	JournalTabTest	From Album on the edit form opens the picker and pulls the selected photo into the entry	AssertionError at JournalTabTest.kt:472	composeRule.onNodeWithContentDescription("Log photo").assertIsDisplayed()
2026-09-28T17:56:20Z	36461675073	3656e212	JournalPendingDeleteTest	an album photo has no corner delete control, and a long-press at that corner opens the Delete menu	AssertionError at JournalPendingDeleteTest.kt:1349	menuItems().assertCountEquals(1)
2026-09-28T18:45:43Z	36467472356	c166bdad	JournalPendingDeleteTest	Undo on an album photo brings it back and deletes neither row nor file	AssertionError at JournalPendingDeleteTest.kt:1133	composeRule.onNodeWithTag(tag).assertIsDisplayed().performTouchInput { click(center) }
2026-09-28T19:09:54Z	36470311390	bb3a0054	JournalPendingDeleteTest	Undo on an album photo brings it back and deletes neither row nor file	AssertionError at JournalPendingDeleteTest.kt:1133	composeRule.onNodeWithTag(tag).assertIsDisplayed().performTouchInput { click(center) }
2026-09-28T19:48:40Z	36474802555	d28d375a	JournalPendingDeleteTest	an album photo has no corner delete control, and a long-press at that corner opens the Delete menu	AssertionError at JournalPendingDeleteTest.kt:1349	menuItems().assertCountEquals(1)
2026-09-28T21:06:43Z	36483880075	fda31584	JournalPendingDeleteTest	Undo on an album photo brings it back and deletes neither row nor file	AssertionError at JournalPendingDeleteTest.kt:1135	composeRule.onNodeWithTag(tag).assertIsDisplayed().performTouchInput { click(center) }
2026-09-28T21:06:43Z	36483880075	fda31584	JournalPendingDeleteTest	a plain tap on an album photo still opens the viewer	AssertionError at JournalPendingDeleteTest.kt:1366	composeRule.onNodeWithTag(PHOTO_VIEWER_TAG).assertExists()
2026-09-28T21:14:51Z	36484798543	de22474c	JournalPendingDeleteTest	a plain tap on an album photo still opens the viewer	AssertionError at JournalPendingDeleteTest.kt:1366	composeRule.onNodeWithTag(PHOTO_VIEWER_TAG).assertExists()
2026-09-28T21:40:30Z	36487664436	5d6ffbb9	LeavingTheJournalFixesTest	F3 a committed find open in its editor with a change is still in its editor back on Journal, the change held	IllegalArgumentException at LeavingTheJournalFixesTest.kt:497	.performTextReplacement(text)
2026-09-28T21:53:41Z	36489061157	f7659d8e	JournalPendingDeleteTest	a long-press anywhere on an album photo opens a menu of exactly Delete	AssertionError at JournalPendingDeleteTest.kt:1265	menuItems().assertCountEquals(1)
2026-09-28T22:03:12Z	36490041156	c36710a2	JournalPendingDeleteTest	a long-press anywhere on an album photo opens a menu of exactly Delete	AssertionError at JournalPendingDeleteTest.kt:1265	menuItems().assertCountEquals(1)
2026-09-28T22:03:12Z	36490041156	c36710a2	JournalPendingDeleteTest	a plain tap on an album photo still opens the viewer	AssertionError at JournalPendingDeleteTest.kt:1366	composeRule.onNodeWithTag(PHOTO_VIEWER_TAG).assertExists()
2026-09-28T22:26:09Z	36492365464	d10a9655	JournalPendingDeleteTest	an album photo's Delete hides it and warns of its uses, and deletes its row and file only when the snackbar ends	AssertionError at JournalPendingDeleteTest.kt:1135	composeRule.onNodeWithTag(tag).assertIsDisplayed().performTouchInput { click(center) }
2026-09-28T22:26:09Z	36492365464	d10a9655	JournalTabTest	From Album on the edit form opens the picker and pulls the selected photo into the entry	AssertionError at JournalTabTest.kt:472	composeRule.onNodeWithContentDescription("Log photo").assertIsDisplayed()
2026-09-28T23:23:06Z	36497708701	554449be	JournalPendingDeleteTest	Undo on an album photo brings it back and deletes neither row nor file	AssertionError at JournalPendingDeleteTest.kt:1135	composeRule.onNodeWithTag(tag).assertIsDisplayed().performTouchInput { click(center) }
2026-09-29T00:11:18Z	36501835950	367b439e	JournalPendingDeleteTest	a long-press anywhere on an album photo opens a menu of exactly Delete	AssertionError at JournalPendingDeleteTest.kt:1265	menuItems().assertCountEquals(1)
2026-09-29T00:47:00Z	36504759100	6d4aeb89	JournalPendingDeleteTest	a long-press anywhere on an album photo opens a menu of exactly Delete	AssertionError at JournalPendingDeleteTest.kt:1265	menuItems().assertCountEquals(1)
2026-09-29T00:47:00Z	36504759100	6d4aeb89	JournalPendingDeleteTest	a plain tap on an album photo still opens the viewer	AssertionError at JournalPendingDeleteTest.kt:1366	composeRule.onNodeWithTag(PHOTO_VIEWER_TAG).assertExists()
2026-09-29T02:23:38Z	36512380437	a3221b45	JournalPendingDeleteTest	a long-press anywhere on an album photo opens a menu of exactly Delete	AssertionError at JournalPendingDeleteTest.kt:1265	menuItems().assertCountEquals(1)
2026-09-29T02:23:38Z	36512380437	a3221b45	JournalPendingDeleteTest	an album photo's Delete hides it and warns of its uses, and deletes its row and file only when the snackbar ends	AssertionError at JournalPendingDeleteTest.kt:1135	composeRule.onNodeWithTag(tag).assertIsDisplayed().performTouchInput { click(center) }
2026-09-29T02:23:38Z	36512380437	a3221b45	JournalPendingDeleteTest	a plain tap on an album photo still opens the viewer	AssertionError at JournalPendingDeleteTest.kt:1366	composeRule.onNodeWithTag(PHOTO_VIEWER_TAG).assertExists()
2026-09-29T02:40:38Z	36513709377	b586eb64	JournalPendingDeleteTest	an album photo's Delete hides it and warns of its uses, and deletes its row and file only when the snackbar ends	AssertionError at JournalPendingDeleteTest.kt:1135	composeRule.onNodeWithTag(tag).assertIsDisplayed().performTouchInput { click(center) }
2026-09-29T03:24:31Z	36516994616	1d513e16	JournalPendingDeleteTest	a plain tap on an album photo still opens the viewer	AssertionError at JournalPendingDeleteTest.kt:1366	composeRule.onNodeWithTag(PHOTO_VIEWER_TAG).assertExists()
2026-09-29T03:59:37Z	36519591419	6dce0bca	JournalPendingDeleteTest	a plain tap on an album photo still opens the viewer	AssertionError at JournalPendingDeleteTest.kt:1366	composeRule.onNodeWithTag(PHOTO_VIEWER_TAG).assertExists()
2026-09-29T05:00:51Z	36524186919	1acd19af	ScheduledBackupTest	enabling schedules one periodic job at the chosen frequency, and nothing is scheduled while it is off	AssertionError at ScheduledBackupTest.kt:167	assertEquals(WorkInfo.State.ENQUEUED, daily.state)
2026-09-29T06:27:47Z	36531183546	d24e1a5b	JournalPendingDeleteTest	Undo on an album photo brings it back and deletes neither row nor file	AssertionError at JournalPendingDeleteTest.kt:1135	composeRule.onNodeWithTag(tag).assertIsDisplayed().performTouchInput { click(center) }
2026-09-29T07:52:52Z	36539276877	9c337f19	JournalPendingDeleteTest	a plain tap on an album photo still opens the viewer	AssertionError at JournalPendingDeleteTest.kt:1366	composeRule.onNodeWithTag(PHOTO_VIEWER_TAG).assertExists()
2026-09-29T08:18:49Z	36541931932	ee73f5f2	JournalPendingDeleteTest	Undo on an album photo brings it back and deletes neither row nor file	AssertionError at JournalPendingDeleteTest.kt:1135	composeRule.onNodeWithTag(tag).assertIsDisplayed().performTouchInput { click(center) }
2026-09-29T08:18:49Z	36541931932	ee73f5f2	JournalPendingDeleteTest	an album photo's Delete hides it and warns of its uses, and deletes its row and file only when the snackbar ends	AssertionError at JournalPendingDeleteTest.kt:1135	composeRule.onNodeWithTag(tag).assertIsDisplayed().performTouchInput { click(center) }
2026-09-29T08:46:04Z	36544815356	69c67178	WideJournalTest	FAILS AT BASE a long-press on an album photo offers Delete with Undo, sampled across the tile	AssertionError at WideJournalTest.kt:812	assertTrue("a long-press at ($fx, $fy) of the photo opens a Delete menu", tagExists(TILE_OPTIONS_DELETE_TAG))
2026-09-29T08:46:04Z	36544815356	69c67178	JournalPendingDeleteTest	Undo on an album photo brings it back and deletes neither row nor file	AssertionError at JournalPendingDeleteTest.kt:1135	composeRule.onNodeWithTag(tag).assertIsDisplayed().performTouchInput { click(center) }
2026-09-29T08:46:04Z	36544815356	69c67178	JournalPendingDeleteTest	a plain tap on an album photo still opens the viewer	AssertionError at JournalPendingDeleteTest.kt:1366	composeRule.onNodeWithTag(PHOTO_VIEWER_TAG).assertExists()
2026-09-29T09:09:06Z	36547291302	605b4317	WideJournalTest	FAILS AT BASE a long-press on an album photo offers Delete with Undo, sampled across the tile	AssertionError at WideJournalTest.kt:812	assertTrue("a long-press at ($fx, $fy) of the photo opens a Delete menu", tagExists(TILE_OPTIONS_DELETE_TAG))
2026-09-29T09:45:05Z	36551173606	64d196b7	JournalPendingDeleteTest	a long-press anywhere on an album photo opens a menu of exactly Delete	AssertionError at JournalPendingDeleteTest.kt:1265	menuItems().assertCountEquals(1)
2026-09-29T09:45:05Z	36551173606	64d196b7	JournalPendingDeleteTest	an album photo has no corner delete control, and a long-press at that corner opens the Delete menu	AssertionError at JournalPendingDeleteTest.kt:1351	menuItems().assertCountEquals(1)
2026-09-29T09:45:05Z	36551173606	64d196b7	JournalPendingDeleteTest	a plain tap on an album photo still opens the viewer	AssertionError at JournalPendingDeleteTest.kt:1366	composeRule.onNodeWithTag(PHOTO_VIEWER_TAG).assertExists()
2026-09-29T09:56:05Z	36552359373	148c7a81	JournalPendingDeleteTest	a long-press anywhere on an album photo opens a menu of exactly Delete	AssertionError at JournalPendingDeleteTest.kt:1265	menuItems().assertCountEquals(1)
2026-09-29T10:50:43Z	36558070397	c5ff59b3	JournalPendingDeleteTest	a plain tap on an album photo still opens the viewer	AssertionError at JournalPendingDeleteTest.kt:1366	composeRule.onNodeWithTag(PHOTO_VIEWER_TAG).assertExists()
2026-09-29T11:27:22Z	36561845296	e85f9b87	JournalPendingDeleteTest	Undo on an album photo brings it back and deletes neither row nor file	AssertionError at JournalPendingDeleteTest.kt:1135	composeRule.onNodeWithTag(tag).assertIsDisplayed().performTouchInput { click(center) }
2026-09-29T11:27:22Z	36561845296	e85f9b87	JournalPendingDeleteTest	a plain tap on an album photo still opens the viewer	AssertionError at JournalPendingDeleteTest.kt:1366	composeRule.onNodeWithTag(PHOTO_VIEWER_TAG).assertExists()
2026-09-29T11:50:39Z	36564259128	6bf4e2ed	LeavingTheJournalFixesTest	F3 a committed find open in its editor with a change is still in its editor back on Journal, the change held	IllegalArgumentException at LeavingTheJournalFixesTest.kt:995	composeRule.onNode(hasText("Your own identification (optional)") and hasSetTextAction()).assertTextContains("Changed, not saved")
2026-09-29T12:09:59Z	36566321279	1c826599	WideJournalTest	FAILS AT BASE a long-press on an album photo offers Delete with Undo, sampled across the tile	AssertionError at WideJournalTest.kt:812	assertTrue("a long-press at ($fx, $fy) of the photo opens a Delete menu", tagExists(TILE_OPTIONS_DELETE_TAG))
2026-09-29T13:09:19Z	36573051423	d4cee933	JournalPendingDeleteTest	a long-press anywhere on an album photo opens a menu of exactly Delete	AssertionError at JournalPendingDeleteTest.kt:1265	menuItems().assertCountEquals(1)
2026-09-29T17:23:34Z	36604591088	21ad69d0	JournalPendingDeleteTest	Undo on an album photo brings it back and deletes neither row nor file	AssertionError at JournalPendingDeleteTest.kt:1137	composeRule.onNodeWithTag(tag).assertIsDisplayed().performTouchInput { click(center) }
2026-09-29T17:23:34Z	36604591088	21ad69d0	JournalPendingDeleteTest	a plain tap on an album photo still opens the viewer	AssertionError at JournalPendingDeleteTest.kt:1368	composeRule.onNodeWithTag(PHOTO_VIEWER_TAG).assertExists()
2026-09-29T18:11:45Z	36610314642	65d9fb22	JournalPendingDeleteTest	a long-press anywhere on an album photo opens a menu of exactly Delete	AssertionError at JournalPendingDeleteTest.kt:1268	menuItems().assertCountEquals(1)
2026-09-29T18:50:06Z	36614885083	47abc89d	LeavingTheJournalFixesTest	F3 a committed find open in its editor with a change is still in its editor back on Journal, the change held	IllegalArgumentException at InlineClassHelper.kt:36	
2026-09-29T18:50:06Z	36614885083	47abc89d	JournalPendingDeleteTest	a plain tap on an album photo still opens the viewer	AssertionError at JournalPendingDeleteTest.kt:1369	composeRule.onNodeWithTag(PHOTO_VIEWER_TAG).assertExists()
2026-09-29T21:45:21Z	36635361376	90a896d6	JournalPendingDeleteTest	an album photo has no corner delete control, and a long-press at that corner opens the Delete menu	AssertionError at JournalPendingDeleteTest.kt:1354	menuItems().assertCountEquals(1)
2026-09-29T21:45:21Z	36635361376	90a896d6	JournalTabTest	From Album on the edit form opens the picker and pulls the selected photo into the entry	AssertionError at JournalTabTest.kt:472	composeRule.onNodeWithContentDescription("Log photo").assertIsDisplayed()
2026-09-29T23:17:39Z	36644413850	d7773ff4	JournalPendingDeleteTest	Undo on an album photo brings it back and deletes neither row nor file	AssertionError at JournalPendingDeleteTest.kt:1138	composeRule.onNodeWithTag(tag).assertIsDisplayed().performTouchInput { click(center) }
2026-09-30T00:55:30Z	36652635172	20e6c1b0	WideJournalTest	FAILS AT BASE Back unwinds a find one step at a time, picker then editor then Finds chip then Records then the Journal	IllegalArgumentException at WideJournalTest.kt:561	composeRule.onNodeWithText("Change Location").performScrollTo().performClick()
2026-09-30T00:55:30Z	36652635172	20e6c1b0	JournalPendingDeleteTest	Undo on an album photo brings it back and deletes neither row nor file	AssertionError at JournalPendingDeleteTest.kt:1138	composeRule.onNodeWithTag(tag).assertIsDisplayed().performTouchInput { click(center) }
2026-09-30T01:26:33Z	36655127412	4bf9ff07	JournalPendingDeleteTest	Undo on an album photo brings it back and deletes neither row nor file	AssertionError at JournalPendingDeleteTest.kt:1138	composeRule.onNodeWithTag(tag).assertIsDisplayed().performTouchInput { click(center) }
2026-09-30T02:40:10Z	36660897136	c3d89f71	JournalPendingDeleteTest	an album photo's Delete hides it and warns of its uses, and deletes its row and file only when the snackbar ends	AssertionError at JournalPendingDeleteTest.kt:1138	composeRule.onNodeWithTag(tag).assertIsDisplayed().performTouchInput { click(center) }
2026-09-30T03:19:49Z	36663899002	6ff213bb	JournalPendingDeleteTest	an album photo has no corner delete control, and a long-press at that corner opens the Delete menu	AssertionError at JournalPendingDeleteTest.kt:1354	menuItems().assertCountEquals(1)
2026-09-30T03:19:49Z	36663899002	6ff213bb	JournalPendingDeleteTest	an album photo's Delete hides it and warns of its uses, and deletes its row and file only when the snackbar ends	AssertionError at JournalPendingDeleteTest.kt:1138	composeRule.onNodeWithTag(tag).assertIsDisplayed().performTouchInput { click(center) }
2026-09-30T04:22:04Z	36668512108	c4f4a26d	JournalPendingDeleteTest	a long-press anywhere on an album photo opens a menu of exactly Delete	AssertionError at JournalPendingDeleteTest.kt:1268	menuItems().assertCountEquals(1)
2026-09-30T07:41:44Z	36685180651	4c52a1cc	JournalPendingDeleteTest	Undo on an album photo brings it back and deletes neither row nor file	AssertionError at JournalPendingDeleteTest.kt:1138	composeRule.onNodeWithTag(tag).assertIsDisplayed().performTouchInput { click(center) }
2026-09-30T08:29:01Z	36689970941	df35226f	JournalPendingDeleteTest	a plain tap on an album photo still opens the viewer	AssertionError at JournalPendingDeleteTest.kt:1369	composeRule.onNodeWithTag(PHOTO_VIEWER_TAG).assertExists()
2026-09-30T09:13:58Z	36694786884	96d3831c	JournalPendingDeleteTest	an album photo's Delete hides it and warns of its uses, and deletes its row and file only when the snackbar ends	AssertionError at JournalPendingDeleteTest.kt:1138	composeRule.onNodeWithTag(tag).assertIsDisplayed().performTouchInput { click(center) }
2026-09-30T10:08:48Z	36700604508	2efc2163	JournalEntriesOnMapFollowUpsTest	a photo not highlighted keeps its whole line, and once its entry is shown on the map the line drops its Kept in	IllegalArgumentException at InlineClassHelper.kt:36	
2026-09-30T15:16:50Z	36735510658	2ccd6328	JournalPendingDeleteTest	Undo on an album photo brings it back and deletes neither row nor file	AssertionError at JournalPendingDeleteTest.kt:1138	composeRule.onNodeWithTag(tag).assertIsDisplayed().performTouchInput { click(center) }
2026-09-30T15:16:50Z	36735510658	2ccd6328	JournalPendingDeleteTest	an album photo's Delete hides it and warns of its uses, and deletes its row and file only when the snackbar ends	AssertionError at JournalPendingDeleteTest.kt:1138	composeRule.onNodeWithTag(tag).assertIsDisplayed().performTouchInput { click(center) }
2026-09-30T15:16:50Z	36735510658	2ccd6328	JournalPendingDeleteTest	a plain tap on an album photo still opens the viewer	AssertionError at JournalPendingDeleteTest.kt:1369	composeRule.onNodeWithTag(PHOTO_VIEWER_TAG).assertExists()
2026-09-30T16:20:05Z	36743426901	ecd79009	JournalTabTest	From Album on the edit form opens the picker and pulls the selected photo into the entry	AssertionError at JournalTabTest.kt:495	composeRule.onNodeWithContentDescription("Log photo").assertIsDisplayed()
2026-09-30T17:08:03Z	36749214630	4cdf840b	JournalPendingDeleteTest	Undo on an album photo brings it back and deletes neither row nor file	AssertionError at JournalPendingDeleteTest.kt:1138	composeRule.onNodeWithTag(tag).assertIsDisplayed().performTouchInput { click(center) }
2026-09-30T17:41:27Z	36753198796	eb4cf129	JournalPendingDeleteTest	a plain tap on an album photo still opens the viewer	AssertionError at JournalPendingDeleteTest.kt:1369	composeRule.onNodeWithTag(PHOTO_VIEWER_TAG).assertExists()
2026-09-30T18:04:57Z	36756009834	4a250dc9	JournalPendingDeleteTest	Undo on an album photo brings it back and deletes neither row nor file	AssertionError at JournalPendingDeleteTest.kt:1138	composeRule.onNodeWithTag(tag).assertIsDisplayed().performTouchInput { click(center) }
2026-09-30T18:20:34Z	36757883631	c6c83723	JournalPendingDeleteTest	Undo on an album photo brings it back and deletes neither row nor file	AssertionError at JournalPendingDeleteTest.kt:1138	composeRule.onNodeWithTag(tag).assertIsDisplayed().performTouchInput { click(center) }
