run_id	job_id	conclusion	runner_name	labels	started_at	completed_at	failed_steps
36757883631	110032656927	failure	GitHub Actions 1000001971	ubuntu-24.04	2026-09-30T18:20:37Z	2026-09-30T18:30:15Z	Run the unit tests;Summarize the test results
36756009834	110026516485	failure	GitHub Actions 1000001970	ubuntu-24.04	2026-09-30T18:05:29Z	2026-09-30T18:15:25Z	Run the unit tests;Summarize the test results
36753198796	110016754990	failure	GitHub Actions 1000001968	ubuntu-24.04	2026-09-30T17:41:30Z	2026-09-30T17:50:49Z	Run the unit tests;Summarize the test results
36750580542	110007869381	success	GitHub Actions 1000001967	ubuntu-24.04	2026-09-30T17:19:44Z	2026-09-30T17:29:12Z	
36749214630	110003185414	failure	GitHub Actions 1000001966	ubuntu-24.04	2026-09-30T17:08:06Z	2026-09-30T17:17:16Z	Run the unit tests;Summarize the test results
36748052048	109999202854	success	GitHub Actions 1000001965	ubuntu-24.04	2026-09-30T16:58:14Z	2026-09-30T17:08:02Z	
36745981734	109992167625	success	GitHub Actions 1000001964	ubuntu-24.04	2026-09-30T16:41:01Z	2026-09-30T16:50:28Z	
36743426901	109983449061	failure	GitHub Actions 1000001963	ubuntu-24.04	2026-09-30T16:20:09Z	2026-09-30T16:29:25Z	Run the unit tests;Summarize the test results
36738609949	109966757461	success	GitHub Actions 1000001962	ubuntu-24.04	2026-09-30T15:41:06Z	2026-09-30T15:47:47Z	
36737265234	109962126288	success	GitHub Actions 1000001961	ubuntu-24.04	2026-09-30T15:30:34Z	2026-09-30T15:40:33Z	
36735510658	109956024915	failure	GitHub Actions 1000001960	ubuntu-24.04	2026-09-30T15:16:52Z	2026-09-30T15:23:24Z	Run the unit tests;Summarize the test results
36732486640	109945877775	success	GitHub Actions 1000001959	ubuntu-24.04	2026-09-30T14:54:03Z	2026-09-30T15:03:35Z	
36727088039	109926630010	success	GitHub Actions 1000001957	ubuntu-24.04	2026-09-30T14:11:02Z	2026-09-30T14:20:44Z	
36700604508	109838887265	failure	GitHub Actions 1000001956	ubuntu-24.04	2026-09-30T10:08:51Z	2026-09-30T10:19:15Z	Run the unit tests;Summarize the test results
36698972288	109833642025	success	GitHub Actions 1000001955	ubuntu-24.04	2026-09-30T09:53:24Z	2026-09-30T10:01:46Z	
36694786884	109820039191	failure	GitHub Actions 1000001954	ubuntu-24.04	2026-09-30T09:14:01Z	2026-09-30T09:23:19Z	Run the unit tests;Summarize the test results
36689970941	109805111844	failure	GitHub Actions 1000001953	ubuntu-24.04	2026-09-30T08:30:36Z	2026-09-30T08:38:32Z	Run the unit tests;Summarize the test results
36685180651	109789558915	failure	GitHub Actions 1000001951	ubuntu-24.04	2026-09-30T07:42:42Z	2026-09-30T07:52:52Z	Run the unit tests;Summarize the test results
36668512108	109738350901	failure	GitHub Actions 1000001949	ubuntu-24.04	2026-09-30T04:22:26Z	2026-09-30T04:31:59Z	Run the unit tests;Summarize the test results
36665733216	109729881925	success	GitHub Actions 1000001946	ubuntu-24.04	2026-09-30T03:44:13Z	2026-09-30T03:51:19Z	
36663899002	109724361318	failure	GitHub Actions 1000001945	ubuntu-24.04	2026-09-30T03:19:55Z	2026-09-30T03:29:06Z	Run the unit tests;Summarize the test results
36660897136	109715309835	failure	GitHub Actions 1000001943	ubuntu-24.04	2026-09-30T02:40:41Z	2026-09-30T02:49:58Z	Run the unit tests;Summarize the test results
36655127412	109697899780	failure	GitHub Actions 1000001941	ubuntu-24.04	2026-09-30T01:27:20Z	2026-09-30T01:36:45Z	Run the unit tests;Summarize the test results
36652635172	109690171894	failure	GitHub Actions 1000001938	ubuntu-24.04	2026-09-30T00:56:10Z	2026-09-30T01:05:51Z	Run the unit tests;Summarize the test results
36650773622	109684392210	success	GitHub Actions 1000001936	ubuntu-24.04	2026-09-30T00:32:49Z	2026-09-30T00:43:09Z	
36644413850	109663928109	failure	GitHub Actions 1000001932	ubuntu-24.04	2026-09-29T23:17:41Z	2026-09-29T23:27:36Z	Run the unit tests;Summarize the test results
36642761168	109658784978	success	GitHub Actions 1000001931	ubuntu-24.04	2026-09-29T23:00:23Z	2026-09-29T23:08:13Z	
36635361376	109634891289	failure	GitHub Actions 1000001921	ubuntu-24.04	2026-09-29T21:46:23Z	2026-09-29T21:55:49Z	Run the unit tests;Summarize the test results
36633996913	109630097268	success	GitHub Actions 1000001919	ubuntu-24.04	2026-09-29T21:32:59Z	2026-09-29T21:40:34Z	
36627241206	109607689924	failure	GitHub Actions 1000001917	ubuntu-24.04	2026-09-29T20:35:08Z	2026-09-29T20:35:38Z	Install the Android SDK with the repo's own setup script;Summarize the test results;Upload the debug APK;Upload the test report
36614885083	109565723801	failure	GitHub Actions 1000001890	ubuntu-24.04	2026-09-29T18:51:21Z	2026-09-29T19:01:28Z	Run the unit tests;Summarize the test results
36611794188	109554785160	success	GitHub Actions 1000001884	ubuntu-24.04	2026-09-29T18:24:14Z	2026-09-29T18:33:34Z	
36610314642	109550266193	failure	GitHub Actions 1000001883	ubuntu-24.04	2026-09-29T18:13:03Z	2026-09-29T18:23:00Z	Run the unit tests;Summarize the test results
36604591088	109530542096	failure	GitHub Actions 1000001876	ubuntu-24.04	2026-09-29T17:24:18Z	2026-09-29T17:33:35Z	Run the unit tests;Summarize the test results
36576241386	109432478218	success	GitHub Actions 1000001861	ubuntu-24.04	2026-09-29T13:35:47Z	2026-09-29T13:44:40Z	
36573051423	109422032137	failure	GitHub Actions 1000001860	ubuntu-24.04	2026-09-29T13:10:33Z	2026-09-29T13:19:46Z	Run the unit tests;Summarize the test results
36566321279	109399564958	failure	GitHub Actions 1000001857	ubuntu-24.04	2026-09-29T12:11:34Z	2026-09-29T12:20:53Z	Run the unit tests;Summarize the test results
36564259128	109392725502	failure	GitHub Actions 1000001854	ubuntu-24.04	2026-09-29T11:52:08Z	2026-09-29T12:01:12Z	Run the unit tests;Summarize the test results
36561845296	109384561416	failure	GitHub Actions 1000001851	ubuntu-24.04	2026-09-29T11:28:06Z	2026-09-29T11:37:04Z	Run the unit tests;Summarize the test results
36558070397	109372467253	failure	GitHub Actions 1000001841	ubuntu-24.04	2026-09-29T10:52:18Z	2026-09-29T11:01:11Z	Run the unit tests;Summarize the test results
36554188823	109359528180	success	GitHub Actions 1000001836	ubuntu-24.04	2026-09-29T10:13:55Z	2026-09-29T10:21:19Z	
36552359373	109353809672	failure	GitHub Actions 1000001834	ubuntu-24.04	2026-09-29T09:57:33Z	2026-09-29T10:05:08Z	Run the unit tests;Summarize the test results
36551173606	109349439709	failure	GitHub Actions 1000001832	ubuntu-24.04	2026-09-29T09:45:07Z	2026-09-29T09:51:50Z	Run the unit tests;Summarize the test results
36547291302	109337027643	failure	GitHub Actions 1000001831	ubuntu-24.04	2026-09-29T09:10:17Z	2026-09-29T09:19:02Z	Run the unit tests;Summarize the test results
36544815356	109329022300	failure	GitHub Actions 1000001829	ubuntu-24.04	2026-09-29T08:47:31Z	2026-09-29T08:56:21Z	Run the unit tests;Summarize the test results
36541931932	109319529727	failure	GitHub Actions 1000001825	ubuntu-24.04	2026-09-29T08:19:57Z	2026-09-29T08:28:28Z	Run the unit tests;Summarize the test results
36539276877	109310835246	failure	GitHub Actions 1000001822	ubuntu-24.04	2026-09-29T07:53:49Z	2026-09-29T08:02:31Z	Run the unit tests;Summarize the test results
36535730529	109299536148	success	GitHub Actions 1000001817	ubuntu-24.04	2026-09-29T07:18:52Z	2026-09-29T07:27:42Z	
36531183546	109285291100	failure	GitHub Actions 1000001813	ubuntu-24.04	2026-09-29T06:28:56Z	2026-09-29T06:37:32Z	Run the unit tests;Summarize the test results
36526231595	109269982203	success	GitHub Actions 1000001798	ubuntu-24.04	2026-09-29T05:28:05Z	2026-09-29T05:34:50Z	
36524186919	109263806425	failure	GitHub Actions 1000001794	ubuntu-24.04	2026-09-29T05:02:24Z	2026-09-29T05:11:27Z	Run the unit tests;Summarize the test results
36521211450	109254528918	success	GitHub Actions 1000001786	ubuntu-24.04	2026-09-29T04:21:58Z	2026-09-29T04:30:46Z	
36519591419	109249322666	failure	GitHub Actions 1000001781	ubuntu-24.04	2026-09-29T03:59:39Z	2026-09-29T04:05:34Z	Run the unit tests;Summarize the test results
36516994616	109241514095	failure	GitHub Actions 1000001780	ubuntu-24.04	2026-09-29T03:25:03Z	2026-09-29T03:31:41Z	Run the unit tests;Summarize the test results
36516026571	109238454883	success	GitHub Actions 1000001777	ubuntu-24.04	2026-09-29T03:11:42Z	2026-09-29T03:18:53Z	
36515029964	109235297054	success	GitHub Actions 1000001775	ubuntu-24.04	2026-09-29T02:58:08Z	2026-09-29T03:05:03Z	
36513709377	109231470043	failure	GitHub Actions 1000001774	ubuntu-24.04	2026-09-29T02:41:34Z	2026-09-29T02:48:23Z	Run the unit tests;Summarize the test results
36512380437	109227174416	failure	GitHub Actions 1000001772	ubuntu-24.04	2026-09-29T02:23:48Z	2026-09-29T02:30:43Z	Run the unit tests;Summarize the test results
36509087305	109217182013	success	GitHub Actions 1000001761	ubuntu-24.04	2026-09-29T01:42:12Z	2026-09-29T01:49:00Z	
36507987956	109213869843	success	GitHub Actions 1000001759	ubuntu-24.04	2026-09-29T01:28:26Z	2026-09-29T01:35:45Z	
36504759100	109203734677	failure	GitHub Actions 1000001749	ubuntu-24.04	2026-09-29T00:47:44Z	2026-09-29T00:53:43Z	Run the unit tests;Summarize the test results
36501835950	109194535380	failure	GitHub Actions 1000001741	ubuntu-24.04	2026-09-29T00:12:26Z	2026-09-29T00:19:00Z	Run the unit tests;Summarize the test results
36500450486	109190107863	success	GitHub Actions 1000001737	ubuntu-24.04	2026-09-28T23:56:04Z	2026-09-29T00:02:35Z	
36497708701	109181045493	failure	GitHub Actions 1000001730	ubuntu-24.04	2026-09-28T23:23:09Z	2026-09-28T23:29:59Z	Run the unit tests;Summarize the test results
36494427459	109170998542	success	GitHub Actions 1000001724	ubuntu-24.04	2026-09-28T22:48:55Z	2026-09-28T22:55:45Z	
36492365464	109163941115	failure	GitHub Actions 1000001720	ubuntu-24.04	2026-09-28T22:26:52Z	2026-09-28T22:32:06Z	Run the unit tests;Summarize the test results
36490041156	109156183074	failure	GitHub Actions 1000001715	ubuntu-24.04	2026-09-28T22:03:15Z	2026-09-28T22:09:46Z	Run the unit tests;Summarize the test results
36489061157	109153373107	failure	GitHub Actions 1000001714	ubuntu-24.04	2026-09-28T21:54:50Z	2026-09-28T22:01:15Z	Run the unit tests;Summarize the test results
36487664436	109148812271	failure	GitHub Actions 1000001712	ubuntu-24.04	2026-09-28T21:41:41Z	2026-09-28T21:47:13Z	Run the unit tests;Summarize the test results
36484798543	109139308873	failure	GitHub Actions 1000001710	ubuntu-24.04	2026-09-28T21:15:45Z	2026-09-28T21:21:30Z	Run the unit tests;Summarize the test results
36483880075	109135901950	failure	GitHub Actions 1000001708	ubuntu-24.04	2026-09-28T21:06:46Z	2026-09-28T21:12:39Z	Run the unit tests;Summarize the test results
36483008386	109133228298	success	GitHub Actions 1000001707	ubuntu-24.04	2026-09-28T20:59:46Z	2026-09-28T21:06:19Z	
36474802555	109106170196	failure	GitHub Actions 1000001693	ubuntu-24.04	2026-09-28T19:49:56Z	2026-09-28T19:56:33Z	Run the unit tests;Summarize the test results
36471776724	109096053387	success	GitHub Actions 1000001690	ubuntu-24.04	2026-09-28T19:23:46Z	2026-09-28T19:30:03Z	
36470311390	109090970261	failure	GitHub Actions 1000001688	ubuntu-24.04	2026-09-28T19:10:50Z	2026-09-28T19:17:02Z	Run the unit tests;Summarize the test results
36468634902	109084952186	success	GitHub Actions 1000001685	ubuntu-24.04	2026-09-28T18:55:40Z	2026-09-28T19:02:19Z	
36467472356	109081210745	failure	GitHub Actions 1000001684	ubuntu-24.04	2026-09-28T18:46:37Z	2026-09-28T18:52:49Z	Run the unit tests;Summarize the test results
36461675073	109061695044	failure	GitHub Actions 1000001679	ubuntu-24.04	2026-09-28T17:56:55Z	2026-09-28T18:03:29Z	Run the unit tests;Summarize the test results
36460075271	109056152830	failure	GitHub Actions 1000001677	ubuntu-24.04	2026-09-28T17:42:57Z	2026-09-28T17:49:09Z	Run the unit tests;Summarize the test results
36457515928	109047866930	failure	GitHub Actions 1000001676	ubuntu-24.04	2026-09-28T17:22:10Z	2026-09-28T17:28:38Z	Run the unit tests;Summarize the test results
36454419732	109037252297	success	GitHub Actions 1000001672	ubuntu-24.04	2026-09-28T16:55:28Z	2026-09-28T17:01:50Z	
36451186617	109026058329	success	GitHub Actions 1000001666	ubuntu-24.04	2026-09-28T16:27:41Z	2026-09-28T16:32:20Z	
36448731312	109017658761	failure	GitHub Actions 1000001665	ubuntu-24.04	2026-09-28T16:07:30Z	2026-09-28T16:12:49Z	Run the unit tests;Summarize the test results
36441485054	108992800030	success	GitHub Actions 1000001664	ubuntu-24.04	2026-09-28T15:09:53Z	2026-09-28T15:16:09Z	
36440297488	108988726265	success	GitHub Actions 1000001663	ubuntu-24.04	2026-09-28T15:00:39Z	2026-09-28T15:06:51Z	
36439008469	108984294225	success	GitHub Actions 1000001662	ubuntu-24.04	2026-09-28T14:50:33Z	2026-09-28T14:56:30Z	
36437646338	108979602893	failure	GitHub Actions 1000001661	ubuntu-24.04	2026-09-28T14:39:41Z	2026-09-28T14:45:00Z	Run the unit tests;Summarize the test results
36434702458	108970122296	failure	GitHub Actions 1000001660	ubuntu-24.04	2026-09-28T14:17:44Z	2026-09-28T14:23:46Z	Run the unit tests;Summarize the test results
36433409537	108965096313	failure	GitHub Actions 1000001657	ubuntu-24.04	2026-09-28T14:06:02Z	2026-09-28T14:11:14Z	Run the unit tests;Summarize the test results
36430458582	108955005701	failure	GitHub Actions 1000001656	ubuntu-24.04	2026-09-28T13:42:01Z	2026-09-28T13:48:10Z	Run the unit tests;Summarize the test results
36429638471	108952460928	failure	GitHub Actions 1000001655	ubuntu-24.04	2026-09-28T13:35:47Z	2026-09-28T13:41:43Z	Run the unit tests;Summarize the test results
36425442901	108938400001	failure	GitHub Actions 1000001645	ubuntu-24.04	2026-09-28T13:00:18Z	2026-09-28T13:06:40Z	Run the unit tests;Summarize the test results
36422708769	108929105208	failure	GitHub Actions 1000001641	ubuntu-24.04	2026-09-28T12:34:41Z	2026-09-28T12:40:45Z	Run the unit tests;Summarize the test results
36421449409	108925163914	success	GitHub Actions 1000001639	ubuntu-24.04	2026-09-28T12:23:35Z	2026-09-28T12:29:39Z	
36418424081	108915170788	success	GitHub Actions 1000001636	ubuntu-24.04	2026-09-28T11:54:27Z	2026-09-28T12:00:38Z	
36416432775	108908676013	failure	GitHub Actions 1000001633	ubuntu-24.04	2026-09-28T11:34:39Z	2026-09-28T11:40:49Z	Run the unit tests;Summarize the test results
36414992844	108904113118	success	GitHub Actions 1000001630	ubuntu-24.04	2026-09-28T11:20:27Z	2026-09-28T11:26:44Z	
36414333120	108901848019	failure	GitHub Actions 1000001628	ubuntu-24.04	2026-09-28T11:13:35Z	2026-09-28T11:18:20Z	Run the unit tests;Summarize the test results
36412410108	108895802239	success	GitHub Actions 1000001623	ubuntu-24.04	2026-09-28T10:55:00Z	2026-09-28T11:01:09Z	
36410643187	108889862653	failure	GitHub Actions 1000001618	ubuntu-24.04	2026-09-28T10:36:13Z	2026-09-28T10:42:06Z	Run the unit tests;Summarize the test results
36405948461	108874725024	failure	GitHub Actions 1000001603	ubuntu-24.04	2026-09-28T09:50:07Z	2026-09-28T09:54:36Z	Run the unit tests;Summarize the test results
36403735345	108867503413	failure	GitHub Actions 1000001600	ubuntu-24.04	2026-09-28T09:28:56Z	2026-09-28T09:34:58Z	Run the unit tests;Summarize the test results
36380885205	108796313321	failure	GitHub Actions 1000001596	ubuntu-24.04	2026-09-28T05:12:44Z	2026-09-28T05:17:50Z	Run the unit tests;Summarize the test results
36379342990	108791704013	failure	GitHub Actions 1000001590	ubuntu-24.04	2026-09-28T04:50:12Z	2026-09-28T04:56:23Z	Run the unit tests;Summarize the test results
36376757008	108784267359	failure	GitHub Actions 1000001588	ubuntu-24.04	2026-09-28T04:14:01Z	2026-09-28T04:20:21Z	Run the unit tests;Summarize the test results
36375456067	108780369241	failure	GitHub Actions 1000001584	ubuntu-24.04	2026-09-28T03:53:53Z	2026-09-28T03:59:42Z	Run the unit tests;Summarize the test results
36373506569	108774588358	success	GitHub Actions 1000001580	ubuntu-24.04	2026-09-28T03:24:00Z	2026-09-28T03:30:08Z	
36372351220	108771124711	failure	GitHub Actions 1000001576	ubuntu-24.04	2026-09-28T03:05:58Z	2026-09-28T03:10:47Z	Run the unit tests;Summarize the test results
36370685316	108766203157	failure	GitHub Actions 1000001575	ubuntu-24.04	2026-09-28T02:39:57Z	2026-09-28T02:44:48Z	Run the unit tests;Summarize the test results
36369257481	108761921754	failure	GitHub Actions 1000001574	ubuntu-24.04	2026-09-28T02:17:47Z	2026-09-28T02:23:35Z	Run the unit tests;Summarize the test results
36358735531	108731558485	failure	GitHub Actions 1000001572	ubuntu-24.04	2026-09-27T23:27:21Z	2026-09-27T23:33:16Z	Run the unit tests;Summarize the test results
36357874550	108729144394	failure	GitHub Actions 1000001569	ubuntu-24.04	2026-09-27T23:12:14Z	2026-09-27T23:17:10Z	Run the unit tests;Summarize the test results
36357141414	108727031458	failure	GitHub Actions 1000001567	ubuntu-24.04	2026-09-27T23:00:00Z	2026-09-27T23:05:54Z	Run the unit tests;Summarize the test results
36356540305	108725378520	success	GitHub Actions 1000001566	ubuntu-24.04	2026-09-27T22:48:55Z	2026-09-27T22:54:34Z	
36354030004	108718116814	success	GitHub Actions 1000001559	ubuntu-24.04	2026-09-27T22:05:21Z	2026-09-27T22:11:01Z	
36353363937	108716173484	failure	GitHub Actions 1000001557	ubuntu-24.04	2026-09-27T21:53:42Z	2026-09-27T21:59:22Z	Run the unit tests;Summarize the test results
36352918963	108715066885	failure	GitHub Actions 1000001556	ubuntu-24.04	2026-09-27T21:47:01Z	2026-09-27T21:52:50Z	Run the unit tests;Summarize the test results
36352448823	108713594995	success	GitHub Actions 1000001554	ubuntu-24.04	2026-09-27T21:38:14Z	2026-09-27T21:43:48Z	
36351682776	108711452047	failure	GitHub Actions 1000001553	ubuntu-24.04	2026-09-27T21:25:37Z	2026-09-27T21:31:50Z	Run the unit tests;Summarize the test results
36350886172	108709214809	success	GitHub Actions 1000001552	ubuntu-24.04	2026-09-27T21:13:03Z	2026-09-27T21:18:33Z	
