36762098567	4f3a02ad		pull_request	2026-09-30T18:56:00Z	1
36761670087	9c806ae1	cancelled	pull_request	2026-09-30T18:52:24Z	1
36757883631	c6c83723	failure	pull_request	2026-09-30T18:20:34Z	1
36756009834	4a250dc9	failure	pull_request	2026-09-30T18:04:57Z	1
36755561190	ba428b1c	cancelled	pull_request	2026-09-30T18:01:14Z	1
36753198796	eb4cf129	failure	pull_request	2026-09-30T17:41:27Z	1
36750580542	35f65c47	success	pull_request	2026-09-30T17:19:40Z	1
36749214630	4cdf840b	failure	pull_request	2026-09-30T17:08:03Z	1
36748052048	291aa911	success	pull_request	2026-09-30T16:58:12Z	1
36745981734	06264376	success	pull_request	2026-09-30T16:40:58Z	1
36743426901	ecd79009	failure	pull_request	2026-09-30T16:20:05Z	1
36738609949	3f9c13b6	success	pull_request	2026-09-30T15:41:04Z	1
36737265234	bc9dc591	success	pull_request	2026-09-30T15:30:31Z	1
36735510658	2ccd6328	failure	pull_request	2026-09-30T15:16:50Z	1
36732486640	a99ec702	success	pull_request	2026-09-30T14:53:08Z	1
36731746618	6e34c700	cancelled	pull_request	2026-09-30T14:47:17Z	1
36727088039	d2e23b3e	success	pull_request	2026-09-30T14:10:23Z	1
36700604508	2efc2163	failure	pull_request	2026-09-30T10:08:48Z	1
36698972288	dec77ae5	success	pull_request	2026-09-30T09:53:22Z	1
36694786884	96d3831c	failure	pull_request	2026-09-30T09:13:58Z	1
36689970941	df35226f	failure	pull_request	2026-09-30T08:29:01Z	1
36689442542	ec470171	cancelled	pull_request	2026-09-30T08:23:51Z	1
36685180651	4c52a1cc	failure	pull_request	2026-09-30T07:41:44Z	1
36684991972	65b4db37	cancelled	pull_request	2026-09-30T07:39:49Z	1
36668512108	c4f4a26d	failure	pull_request	2026-09-30T04:22:04Z	1
36668302715	edafc8c3	cancelled	pull_request	2026-09-30T04:19:19Z	1
36667865686	f829388b	cancelled	pull_request	2026-09-30T04:13:30Z	1
36665733216	05c88878	success	pull_request	2026-09-30T03:44:10Z	1
36663899002	6ff213bb	failure	pull_request	2026-09-30T03:19:49Z	1
36663851203	5d429f19	cancelled	pull_request	2026-09-30T03:19:09Z	1
36660897136	c3d89f71	failure	pull_request	2026-09-30T02:40:10Z	1
36660626676	f7483468	cancelled	pull_request	2026-09-30T02:36:30Z	1
36655127412	4bf9ff07	failure	pull_request	2026-09-30T01:26:33Z	1
36654322047	7aa8b7f5	cancelled	pull_request	2026-09-30T01:16:29Z	1
36654179484	ebd12e94	cancelled	pull_request	2026-09-30T01:14:43Z	1
36652635172	20e6c1b0	failure	pull_request	2026-09-30T00:55:30Z	1
36652264513	f8f6764f	cancelled	pull_request	2026-09-30T00:50:43Z	1
36650773622	82359e9d	success	pull_request	2026-09-30T00:31:44Z	1
36650145184	ad0244b4	cancelled	pull_request	2026-09-30T00:24:09Z	1
36649842053	74878e6a	cancelled	pull_request	2026-09-30T00:20:26Z	1
36649808606	36325d18	cancelled	pull_request	2026-09-30T00:20:03Z	1
36649539169	7418e2cc	cancelled	pull_request	2026-09-30T00:16:46Z	1
36644413850	d7773ff4	failure	pull_request	2026-09-29T23:17:39Z	1
36642761168	5bad4f5b	success	pull_request	2026-09-29T22:59:50Z	1
36642424357	ac3b6a9a	cancelled	pull_request	2026-09-29T22:56:02Z	1
36642320828	fa243a2e	cancelled	pull_request	2026-09-29T22:54:54Z	1
36641775927	90707e42	cancelled	pull_request	2026-09-29T22:49:03Z	1
36641572070	387b0ff6	cancelled	pull_request	2026-09-29T22:46:54Z	1
36640757353	f7528df5	cancelled	pull_request	2026-09-29T22:38:26Z	1
36640308853	2a2a5b35	cancelled	pull_request	2026-09-29T22:33:53Z	1
36639219527	3171d5f6	cancelled	pull_request	2026-09-29T22:22:51Z	1
36639070676	b45a3ce2	cancelled	pull_request	2026-09-29T22:21:20Z	1
36638253452	a58c6a4a	cancelled	pull_request	2026-09-29T22:13:15Z	1
36637824957	4fdd6242	cancelled	pull_request	2026-09-29T22:09:03Z	1
36635361376	90a896d6	failure	pull_request	2026-09-29T21:45:21Z	1
36634944652	61d3b79c	cancelled	pull_request	2026-09-29T21:41:30Z	1
36633996913	60ad36db	success	pull_request	2026-09-29T21:32:51Z	1
36633897759	c0516f82	cancelled	pull_request	2026-09-29T21:31:58Z	1
36633398747	99816bff	cancelled	pull_request	2026-09-29T21:27:34Z	1
36627241206	dcc0275c	failure	pull_request	2026-09-29T20:34:03Z	1
36626946663	b016b984	cancelled	pull_request	2026-09-29T20:31:32Z	1
36626405803	693ff20f	cancelled	pull_request	2026-09-29T20:26:55Z	1
36626361470	bd1b0ee9	cancelled	pull_request	2026-09-29T20:26:32Z	1
36626270993	7f761be8	cancelled	pull_request	2026-09-29T20:25:45Z	1
36625876705	fb524889	cancelled	pull_request	2026-09-29T20:22:22Z	1
36625856140	e62014af	cancelled	pull_request	2026-09-29T20:22:11Z	1
36625733644	06b394b9	cancelled	pull_request	2026-09-29T20:21:09Z	1
36625605988	2fa093ef	cancelled	pull_request	2026-09-29T20:20:04Z	1
36625574415	e1d8d956	cancelled	pull_request	2026-09-29T20:19:49Z	1
36625266755	d0bed1ad	cancelled	pull_request	2026-09-29T20:17:09Z	1
36625206863	fddc33d4	cancelled	pull_request	2026-09-29T20:16:39Z	1
36624976132	a0fa9ff3	cancelled	pull_request	2026-09-29T20:14:45Z	1
36624872179	7a7ef3c9	cancelled	pull_request	2026-09-29T20:13:54Z	1
36624419742	b457bc75	cancelled	pull_request	2026-09-29T20:10:08Z	1
36624347681	feae0947	cancelled	pull_request	2026-09-29T20:09:31Z	1
36624204575	a89e785d	cancelled	pull_request	2026-09-29T20:08:18Z	1
36624093039	52f12f93	cancelled	pull_request	2026-09-29T20:07:22Z	1
36623602282	f34b73e6	cancelled	pull_request	2026-09-29T20:03:20Z	1
36623358367	363532d8	cancelled	pull_request	2026-09-29T20:01:19Z	1
36623277358	2f4eafe7	cancelled	pull_request	2026-09-29T20:00:41Z	1
36622995833	fb6bf9ce	cancelled	pull_request	2026-09-29T19:58:21Z	1
36622928107	b9679e76	cancelled	pull_request	2026-09-29T19:57:47Z	1
36622906479	35c9a86b	cancelled	pull_request	2026-09-29T19:57:36Z	1
36622862235	ffcc9c5d	cancelled	pull_request	2026-09-29T19:57:15Z	1
36622668624	bb47864d	cancelled	pull_request	2026-09-29T19:55:34Z	1
36621902203	8f260834	cancelled	pull_request	2026-09-29T19:48:58Z	1
36621672395	f32a509b	cancelled	pull_request	2026-09-29T19:46:58Z	1
36621411101	393c8f2c	cancelled	pull_request	2026-09-29T19:44:44Z	1
36620994043	a0fcee93	cancelled	pull_request	2026-09-29T19:41:11Z	1
36620099888	f5a2e7e3	cancelled	pull_request	2026-09-29T19:33:35Z	1
36620014495	aa89ca91	cancelled	pull_request	2026-09-29T19:32:52Z	1
36619955847	336b62c7	cancelled	pull_request	2026-09-29T19:32:22Z	1
36619828474	38b03e1f	cancelled	pull_request	2026-09-29T19:31:17Z	1
36619412146	948c728b	cancelled	pull_request	2026-09-29T19:27:48Z	1
36619353343	958eea6c	cancelled	pull_request	2026-09-29T19:27:18Z	1
36618801231	3e81ee1d	cancelled	pull_request	2026-09-29T19:22:39Z	1
36618271096	bfe9d34d	cancelled	pull_request	2026-09-29T19:18:13Z	1
36618208267	f074e9e3	cancelled	pull_request	2026-09-29T19:17:39Z	1
36614885083	47abc89d	failure	pull_request	2026-09-29T18:50:06Z	1
36614799021	c7f6a3fe	cancelled	pull_request	2026-09-29T18:49:22Z	1
36613828418	f645e8f9	cancelled	pull_request	2026-09-29T18:41:14Z	1
36613670289	e964c2b0	cancelled	pull_request	2026-09-29T18:39:57Z	1
36613262230	a500e000	cancelled	pull_request	2026-09-29T18:36:30Z	1
36613024013	8769bb1a	cancelled	pull_request	2026-09-29T18:34:33Z	1
36611794188	c8f87ea4	success	pull_request	2026-09-29T18:24:11Z	1
36610314642	65d9fb22	failure	pull_request	2026-09-29T18:11:45Z	1
36609804097	09eac052	cancelled	pull_request	2026-09-29T18:07:26Z	1
36609703189	5f5d9eb7	cancelled	pull_request	2026-09-29T18:06:37Z	1
36609203422	10fcd2f3	cancelled	pull_request	2026-09-29T18:02:30Z	1
36608728042	752ead66	cancelled	pull_request	2026-09-29T17:58:30Z	1
36608369006	6fd659b4	cancelled	pull_request	2026-09-29T17:55:27Z	1
36608254139	0df67ba1	cancelled	pull_request	2026-09-29T17:54:29Z	1
36607814923	b2313326	cancelled	pull_request	2026-09-29T17:50:44Z	1
36604591088	21ad69d0	failure	pull_request	2026-09-29T17:23:34Z	1
36604560781	c05d26f7	cancelled	pull_request	2026-09-29T17:23:18Z	1
36604021078	f0eb6cc1	cancelled	pull_request	2026-09-29T17:18:40Z	1
36603685058	b759127f	cancelled	pull_request	2026-09-29T17:15:44Z	1
36603574032	420346b0	cancelled	pull_request	2026-09-29T17:14:48Z	1
36603562844	521f146d	cancelled	pull_request	2026-09-29T17:14:42Z	1
36603540025	babeed35	cancelled	pull_request	2026-09-29T17:14:31Z	1
36603016323	5577d68e	cancelled	pull_request	2026-09-29T17:10:06Z	1
36602140958	8a6c8465	cancelled	pull_request	2026-09-29T17:02:50Z	1
36601428393	194235d7	cancelled	pull_request	2026-09-29T16:56:59Z	1
36601273531	34c98256	cancelled	pull_request	2026-09-29T16:55:42Z	1
36600868268	75875dae	cancelled	pull_request	2026-09-29T16:52:21Z	1
36600560454	511c5885	cancelled	pull_request	2026-09-29T16:49:46Z	1
36600502993	3a723167	cancelled	pull_request	2026-09-29T16:49:18Z	1
36600410974	02b1a491	cancelled	pull_request	2026-09-29T16:48:31Z	1
36599993255	3bdbedba	cancelled	pull_request	2026-09-29T16:45:05Z	1
36599401810	64cab21e	cancelled	pull_request	2026-09-29T16:40:11Z	1
36598998049	576faaec	cancelled	pull_request	2026-09-29T16:36:50Z	1
36598768046	52637482	cancelled	pull_request	2026-09-29T16:34:59Z	1
36576241386	c43e2e9d	success	pull_request	2026-09-29T13:35:41Z	1
36573051423	d4cee933	failure	pull_request	2026-09-29T13:09:19Z	1
36572836851	4d47409a	cancelled	pull_request	2026-09-29T13:07:28Z	1
36572064355	addf7d7a	cancelled	pull_request	2026-09-29T13:01:02Z	1
36566321279	1c826599	failure	pull_request	2026-09-29T12:09:59Z	1
36565714450	b09892a4	cancelled	pull_request	2026-09-29T12:04:19Z	1
36565599475	29d65a26	cancelled	pull_request	2026-09-29T12:03:16Z	1
36564259128	6bf4e2ed	failure	pull_request	2026-09-29T11:50:39Z	1
36563488397	24b1aac0	cancelled	pull_request	2026-09-29T11:43:14Z	1
36563424796	29f44002	cancelled	pull_request	2026-09-29T11:42:38Z	1
36561845296	e85f9b87	failure	pull_request	2026-09-29T11:27:22Z	1
36561548003	3bf69e67	cancelled	pull_request	2026-09-29T11:24:30Z	1
36561536127	cb01395d	cancelled	pull_request	2026-09-29T11:24:24Z	1
36561325970	85e4f55b	cancelled	pull_request	2026-09-29T11:22:23Z	1
36561261832	a511ac2d	cancelled	pull_request	2026-09-29T11:21:46Z	1
36560948145	d184771c	cancelled	pull_request	2026-09-29T11:18:45Z	1
36560748572	5d5ebf7e	cancelled	pull_request	2026-09-29T11:16:48Z	1
36560183106	7dfe0f79	cancelled	pull_request	2026-09-29T11:11:18Z	1
36560114432	6728eb1c	cancelled	pull_request	2026-09-29T11:10:38Z	1
36560052236	5cd7780c	cancelled	pull_request	2026-09-29T11:10:03Z	1
36560010060	093af9c9	cancelled	pull_request	2026-09-29T11:09:39Z	1
36559963146	98e8f367	cancelled	pull_request	2026-09-29T11:09:11Z	1
36559820827	44c4ff2a	cancelled	pull_request	2026-09-29T11:07:46Z	1
36558070397	c5ff59b3	failure	pull_request	2026-09-29T10:50:43Z	1
36557426801	3df269af	cancelled	pull_request	2026-09-29T10:44:27Z	1
36557039144	9e1b5ee3	cancelled	pull_request	2026-09-29T10:40:45Z	1
36556337871	6af5b6da	cancelled	pull_request	2026-09-29T10:33:49Z	1
36555445845	91c7cc7e	cancelled	pull_request	2026-09-29T10:25:09Z	1
36554188823	ef1c3e4a	success	pull_request	2026-09-29T10:13:10Z	1
36554097659	2777cd11	cancelled	pull_request	2026-09-29T10:12:18Z	1
36552359373	148c7a81	failure	pull_request	2026-09-29T09:56:05Z	1
36552190978	a497bf5e	cancelled	pull_request	2026-09-29T09:54:32Z	1
36551173606	64d196b7	failure	pull_request	2026-09-29T09:45:05Z	1
36547291302	605b4317	failure	pull_request	2026-09-29T09:09:06Z	1
36546732491	2dc77164	cancelled	pull_request	2026-09-29T09:04:02Z	1
36544815356	69c67178	failure	pull_request	2026-09-29T08:46:04Z	1
36544737687	d2b61d0e	cancelled	pull_request	2026-09-29T08:45:20Z	1
36544098440	f69f1213	cancelled	pull_request	2026-09-29T08:39:23Z	1
36544045981	2fdb94f1	cancelled	pull_request	2026-09-29T08:38:53Z	1
36541931932	ee73f5f2	failure	pull_request	2026-09-29T08:18:49Z	1
36541371754	acc1b096	cancelled	pull_request	2026-09-29T08:13:23Z	1
36541322456	3016b39b	cancelled	pull_request	2026-09-29T08:12:55Z	1
36539276877	9c337f19	failure	pull_request	2026-09-29T07:52:52Z	1
36539217882	ac44748b	cancelled	pull_request	2026-09-29T07:52:16Z	1
36538858408	ad699aad	cancelled	pull_request	2026-09-29T07:48:43Z	1
36538618644	db7fce7d	cancelled	pull_request	2026-09-29T07:46:15Z	1
36538335765	62939175	cancelled	pull_request	2026-09-29T07:43:27Z	1
36537928441	53c79fdc	cancelled	pull_request	2026-09-29T07:39:22Z	1
36535730529	0110183d	success	pull_request	2026-09-29T07:17:11Z	1
36535566395	aa0dde85	cancelled	pull_request	2026-09-29T07:15:28Z	1
36535540997	de2a5b82	cancelled	pull_request	2026-09-29T07:15:13Z	1
36535173246	967fef97	cancelled	pull_request	2026-09-29T07:11:24Z	1
36535007056	85a41257	cancelled	pull_request	2026-09-29T07:09:41Z	1
36531183546	d24e1a5b	failure	pull_request	2026-09-29T06:27:47Z	1
36531076344	61b3c26b	cancelled	pull_request	2026-09-29T06:26:32Z	1
36530876205	1e1e9de9	cancelled	pull_request	2026-09-29T06:24:12Z	1
36530816977	2486950e	cancelled	pull_request	2026-09-29T06:23:30Z	1
36529999581	21eaa342	cancelled	pull_request	2026-09-29T06:13:43Z	1
36529845598	eec6fe95	cancelled	pull_request	2026-09-29T06:11:57Z	1
36529588537	6b7e5041	cancelled	pull_request	2026-09-29T06:08:53Z	1
36529517806	620ff369	cancelled	pull_request	2026-09-29T06:08:00Z	1
36529456867	dd056c6a	cancelled	pull_request	2026-09-29T06:07:15Z	1
36529371321	7e5c3526	cancelled	pull_request	2026-09-29T06:06:14Z	1
36529184443	db756faa	cancelled	pull_request	2026-09-29T06:04:04Z	1
36529006470	45911ab1	cancelled	pull_request	2026-09-29T06:01:57Z	1
36528795225	b5c5dcc7	cancelled	pull_request	2026-09-29T05:59:29Z	1
36528434836	83e7ae6a	cancelled	pull_request	2026-09-29T05:54:56Z	1
36528034809	419c78c1	cancelled	pull_request	2026-09-29T05:50:01Z	1
36527940158	39328523	cancelled	pull_request	2026-09-29T05:48:48Z	1
36526231595	fdd75594	success	pull_request	2026-09-29T05:27:11Z	1
36525818367	e41ec8ce	cancelled	pull_request	2026-09-29T05:21:58Z	1
36525749961	e0290366	cancelled	pull_request	2026-09-29T05:21:05Z	1
36525738423	9511c564	cancelled	pull_request	2026-09-29T05:20:56Z	1
36525675911	d6130e51	cancelled	pull_request	2026-09-29T05:20:08Z	1
36525628708	83a1d56c	cancelled	pull_request	2026-09-29T05:19:30Z	1
36524186919	1acd19af	failure	pull_request	2026-09-29T05:00:51Z	1
36523799729	6939ad5a	cancelled	pull_request	2026-09-29T04:55:43Z	1
36523579967	7a0aa799	cancelled	pull_request	2026-09-29T04:52:48Z	1
36523278086	742dc861	cancelled	pull_request	2026-09-29T04:48:42Z	1
36523238146	69070641	cancelled	pull_request	2026-09-29T04:48:08Z	1
36522835211	4789416e	cancelled	pull_request	2026-09-29T04:42:44Z	1
36522570234	f47a1702	cancelled	pull_request	2026-09-29T04:39:08Z	1
36522245392	40439ad1	cancelled	pull_request	2026-09-29T04:34:40Z	1
36522079157	44aba8f6	cancelled	pull_request	2026-09-29T04:32:27Z	1
36521211450	d3c16f06	success	pull_request	2026-09-29T04:20:45Z	1
36521140891	0400d730	cancelled	pull_request	2026-09-29T04:19:50Z	1
36520659484	92f7904b	cancelled	pull_request	2026-09-29T04:13:23Z	1
36520462095	3e958fd8	cancelled	pull_request	2026-09-29T04:10:52Z	1
36520448036	61af4254	cancelled	pull_request	2026-09-29T04:10:41Z	1
36520372148	de2ae432	cancelled	pull_request	2026-09-29T04:09:46Z	1
36519591419	6dce0bca	failure	pull_request	2026-09-29T03:59:37Z	1
36516994616	1d513e16	failure	pull_request	2026-09-29T03:24:31Z	1
36516847782	6133649c	cancelled	pull_request	2026-09-29T03:22:35Z	1
36516700603	42b67054	cancelled	pull_request	2026-09-29T03:20:33Z	1
36516026571	bf41dcb0	success	pull_request	2026-09-29T03:11:16Z	1
36515561877	b68effde	cancelled	pull_request	2026-09-29T03:05:06Z	1
36515029964	881cfbdc	success	pull_request	2026-09-29T02:58:05Z	1
36513709377	b586eb64	failure	pull_request	2026-09-29T02:40:38Z	1
36513268578	f1d5acae	cancelled	pull_request	2026-09-29T02:34:54Z	1
36512380437	a3221b45	failure	pull_request	2026-09-29T02:23:38Z	1
36512304801	62e6bf51	cancelled	pull_request	2026-09-29T02:22:42Z	1
36512168539	b427a66b	cancelled	pull_request	2026-09-29T02:20:56Z	1
36511543447	cede8613	cancelled	pull_request	2026-09-29T02:12:59Z	1
36511297459	d79f15c7	cancelled	pull_request	2026-09-29T02:09:51Z	1
36511125877	19c14b8a	cancelled	pull_request	2026-09-29T02:07:36Z	1
36511092986	a0ce1b8e	cancelled	pull_request	2026-09-29T02:07:09Z	1
36510934083	bbac0a83	cancelled	pull_request	2026-09-29T02:05:09Z	1
36510824879	0b013549	cancelled	pull_request	2026-09-29T02:03:48Z	1
36510757313	341566a4	cancelled	pull_request	2026-09-29T02:02:57Z	1
36510600913	ed5f26c2	cancelled	pull_request	2026-09-29T02:00:57Z	1
36510352951	0450b824	cancelled	pull_request	2026-09-29T01:57:49Z	1
36510164535	8def029e	cancelled	pull_request	2026-09-29T01:55:24Z	1
36509981066	a9d67b84	cancelled	pull_request	2026-09-29T01:53:03Z	1
36509087305	cc9a30bb	success	pull_request	2026-09-29T01:41:28Z	1
36509071781	7c68eba9	cancelled	pull_request	2026-09-29T01:41:16Z	1
36509017837	0b76634c	cancelled	pull_request	2026-09-29T01:40:33Z	1
36507987956	e726ebc6	success	pull_request	2026-09-29T01:27:28Z	1
36507941258	e0baece3	cancelled	pull_request	2026-09-29T01:26:54Z	1
36507777169	b675f6c6	cancelled	pull_request	2026-09-29T01:24:52Z	1
36507700322	9bcbe981	cancelled	pull_request	2026-09-29T01:23:55Z	1
36507666891	7d17a5c4	cancelled	pull_request	2026-09-29T01:23:29Z	1
36507662355	20760f83	cancelled	pull_request	2026-09-29T01:23:25Z	1
36507602206	49c39439	cancelled	pull_request	2026-09-29T01:22:39Z	1
36507062106	a7343f51	cancelled	pull_request	2026-09-29T01:15:47Z	1
36506976153	bb998eb7	cancelled	pull_request	2026-09-29T01:14:46Z	1
36506878726	a649ac38	cancelled	pull_request	2026-09-29T01:13:34Z	1
36506350041	9b59a4d3	cancelled	pull_request	2026-09-29T01:06:56Z	1
36506043669	5a7fecd6	cancelled	pull_request	2026-09-29T01:03:16Z	1
36504759100	6d4aeb89	failure	pull_request	2026-09-29T00:47:00Z	1
36504700097	d85dd7ed	cancelled	pull_request	2026-09-29T00:46:14Z	1
36504345748	908cabf6	cancelled	pull_request	2026-09-29T00:41:50Z	1
36504254766	8c90fb84	cancelled	pull_request	2026-09-29T00:40:40Z	1
36504205613	c2c9e6b9	cancelled	pull_request	2026-09-29T00:40:05Z	1
36504071515	7adcbb24	cancelled	pull_request	2026-09-29T00:38:23Z	1
36503648194	08e9f133	cancelled	pull_request	2026-09-29T00:33:03Z	1
36503320524	2a6399ff	cancelled	pull_request	2026-09-29T00:29:07Z	1
36503284163	da821589	cancelled	pull_request	2026-09-29T00:28:41Z	1
36502844577	d59a6285	cancelled	pull_request	2026-09-29T00:23:18Z	1
36502794952	33a69c19	cancelled	pull_request	2026-09-29T00:22:43Z	1
36502775791	dfd13304	cancelled	pull_request	2026-09-29T00:22:29Z	1
36501835950	367b439e	failure	pull_request	2026-09-29T00:11:18Z	1
36501673881	2893f8a6	cancelled	pull_request	2026-09-29T00:09:22Z	1
36501475188	ae0b90f1	cancelled	pull_request	2026-09-29T00:07:00Z	1
36501454645	e3ba9e4d	cancelled	pull_request	2026-09-29T00:06:45Z	1
36501104767	86d073e3	cancelled	pull_request	2026-09-29T00:02:39Z	1
36500450486	31d43592	success	pull_request	2026-09-28T23:54:49Z	1
36500366850	3c99e79e	cancelled	pull_request	2026-09-28T23:53:51Z	1
36499850559	6dcc3b39	cancelled	pull_request	2026-09-28T23:47:42Z	1
36499472107	e95aff82	cancelled	pull_request	2026-09-28T23:43:18Z	1
36499139349	2f3c21a8	cancelled	pull_request	2026-09-28T23:39:22Z	1
36499008086	70cdabad	cancelled	pull_request	2026-09-28T23:37:48Z	1
36498980922	e7baa260	cancelled	pull_request	2026-09-28T23:37:28Z	1
36498512642	6f5b6a7b	cancelled	pull_request	2026-09-28T23:32:08Z	1
36497708701	554449be	failure	pull_request	2026-09-28T23:23:06Z	1
36497651237	36c2a464	cancelled	pull_request	2026-09-28T23:22:28Z	1
36497327760	a0a54f97	cancelled	pull_request	2026-09-28T23:18:52Z	1
36496835285	6980b623	cancelled	pull_request	2026-09-28T23:13:29Z	1
36496469665	be63b51f	cancelled	pull_request	2026-09-28T23:09:23Z	1
36494427459	10d0ab6e	success	pull_request	2026-09-28T22:47:20Z	1
36494103783	80a99b85	cancelled	pull_request	2026-09-28T22:43:56Z	1
36493995192	8096984b	cancelled	pull_request	2026-09-28T22:42:47Z	1
36493906561	9c43c0b1	cancelled	pull_request	2026-09-28T22:41:50Z	1
36493639612	7e97520a	cancelled	pull_request	2026-09-28T22:39:01Z	1
36492365464	d10a9655	failure	pull_request	2026-09-28T22:26:09Z	1
36491899603	20ada3da	cancelled	pull_request	2026-09-28T22:21:32Z	1
36491760457	ed377510	cancelled	pull_request	2026-09-28T22:20:09Z	1
36491668870	5049dfc9	cancelled	pull_request	2026-09-28T22:19:12Z	1
36491172113	b358a4aa	cancelled	pull_request	2026-09-28T22:14:18Z	1
36490920697	6e36122b	cancelled	pull_request	2026-09-28T22:11:50Z	1
36490041156	c36710a2	failure	pull_request	2026-09-28T22:03:12Z	1
36489061157	f7659d8e	failure	pull_request	2026-09-28T21:53:41Z	1
36489010023	89f9d15a	cancelled	pull_request	2026-09-28T21:53:10Z	1
36487664436	5d6ffbb9	failure	pull_request	2026-09-28T21:40:30Z	1
36487615757	6b0cc649	cancelled	pull_request	2026-09-28T21:40:04Z	1
36484798543	de22474c	failure	pull_request	2026-09-28T21:14:51Z	1
36484703319	9c7d0a5e	cancelled	pull_request	2026-09-28T21:14:02Z	1
36483880075	fda31584	failure	pull_request	2026-09-28T21:06:43Z	1
36483008386	c6e736d7	success	pull_request	2026-09-28T20:59:06Z	1
36482900829	ab7a6533	cancelled	pull_request	2026-09-28T20:58:07Z	1
36482399325	d7cc9f5b	cancelled	pull_request	2026-09-28T20:53:45Z	1
36482191527	8dbfd148	cancelled	pull_request	2026-09-28T20:51:59Z	1
36481963574	7b4521fa	cancelled	pull_request	2026-09-28T20:49:59Z	1
36481856223	c53fe820	cancelled	pull_request	2026-09-28T20:49:02Z	1
36481691010	d99cc8ef	cancelled	pull_request	2026-09-28T20:47:36Z	1
36481627286	bf6d639a	cancelled	pull_request	2026-09-28T20:47:02Z	1
36480898473	1da4712d	cancelled	pull_request	2026-09-28T20:40:46Z	1
36480251483	a3088adf	cancelled	pull_request	2026-09-28T20:35:12Z	1
36480077597	e253b505	cancelled	pull_request	2026-09-28T20:33:45Z	1
36479565021	99de6c24	cancelled	pull_request	2026-09-28T20:29:31Z	1
36479126560	823d802c	cancelled	pull_request	2026-09-28T20:25:50Z	1
36478903297	58746997	cancelled	pull_request	2026-09-28T20:24:00Z	1
36478755937	cbc33379	cancelled	pull_request	2026-09-28T20:22:44Z	1
36478637373	34f7b1f8	cancelled	pull_request	2026-09-28T20:21:44Z	1
36478566273	14ea159c	cancelled	pull_request	2026-09-28T20:21:07Z	1
36474802555	d28d375a	failure	pull_request	2026-09-28T19:48:40Z	1
36474155682	8397416e	cancelled	pull_request	2026-09-28T19:43:05Z	1
36473979726	7f414007	cancelled	pull_request	2026-09-28T19:41:32Z	1
36471776724	48633ee8	success	pull_request	2026-09-28T19:22:25Z	1
36471598320	724b6568	cancelled	pull_request	2026-09-28T19:20:50Z	1
36470311390	bb3a0054	failure	pull_request	2026-09-28T19:09:54Z	1
36470049793	a029a76f	cancelled	pull_request	2026-09-28T19:07:38Z	1
36469911667	0b4bd809	cancelled	pull_request	2026-09-28T19:06:27Z	1
36468634902	35f05c93	success	pull_request	2026-09-28T18:55:37Z	1
36467472356	c166bdad	failure	pull_request	2026-09-28T18:45:43Z	1
36467190015	3212a192	cancelled	pull_request	2026-09-28T18:43:20Z	1
36466991904	76a67f31	cancelled	pull_request	2026-09-28T18:41:39Z	1
36466255164	367c32f5	cancelled	pull_request	2026-09-28T18:35:24Z	1
36466254236	367c32f5	cancelled	pull_request	2026-09-28T18:35:23Z	1
36461675073	3656e212	failure	pull_request	2026-09-28T17:56:20Z	1
36461396843	c9217b3f	cancelled	pull_request	2026-09-28T17:54:00Z	1
36460075271	864b1afb	failure	pull_request	2026-09-28T17:42:54Z	1
36457515928	edd56eb3	failure	pull_request	2026-09-28T17:21:14Z	1
36456696377	26709b1c	cancelled	pull_request	2026-09-28T17:14:12Z	1
36456609875	11295697	cancelled	pull_request	2026-09-28T17:13:30Z	1
36456176827	df49c06b	cancelled	pull_request	2026-09-28T17:09:47Z	1
36454419732	aa242475	success	pull_request	2026-09-28T16:54:47Z	1
36453621555	10571b54	cancelled	pull_request	2026-09-28T16:47:54Z	1
36452906098	4390fee7	cancelled	pull_request	2026-09-28T16:41:56Z	1
36452491992	658e7c36	cancelled	pull_request	2026-09-28T16:38:25Z	1
36452216315	477e564f	cancelled	pull_request	2026-09-28T16:36:07Z	1
36451760056	de8fdd3b	cancelled	pull_request	2026-09-28T16:32:20Z	1
36451186617	d7394a75	success	pull_request	2026-09-28T16:27:39Z	1
36448731312	1fe6c178	failure	pull_request	2026-09-28T16:07:27Z	1
36441485054	2514fbad	success	pull_request	2026-09-28T15:09:50Z	1
36440297488	0b4fc9c6	success	pull_request	2026-09-28T15:00:36Z	1
36439008469	b91a543e	success	pull_request	2026-09-28T14:50:30Z	1
36437646338	b5359cd9	failure	pull_request	2026-09-28T14:39:38Z	1
36434702458	18cc8bbf	failure	pull_request	2026-09-28T14:16:11Z	1
36434607151	b1d5e958	cancelled	pull_request	2026-09-28T14:15:28Z	1
36434160792	9cf3ffa9	cancelled	pull_request	2026-09-28T14:11:56Z	1
36433409537	b08fd633	failure	pull_request	2026-09-28T14:06:00Z	1
36430458582	e3bd1b9c	failure	pull_request	2026-09-28T13:41:58Z	1
36429638471	2e463672	failure	pull_request	2026-09-28T13:35:04Z	1
36429438641	450f7585	cancelled	pull_request	2026-09-28T13:33:21Z	1
36428819409	7620c156	cancelled	pull_request	2026-09-28T13:28:05Z	1
36428468189	7bfc4c77	cancelled	pull_request	2026-09-28T13:25:08Z	1
36428272197	c0ed3184	cancelled	pull_request	2026-09-28T13:23:29Z	1
36428218229	9c41f261	cancelled	pull_request	2026-09-28T13:23:02Z	1
36427777803	6cf0e9bd	cancelled	pull_request	2026-09-28T13:19:16Z	1
36427665962	16b3baa4	cancelled	pull_request	2026-09-28T13:18:20Z	1
36427313579	163cae1a	cancelled	pull_request	2026-09-28T13:15:24Z	1
36426985238	d64b7cae	cancelled	pull_request	2026-09-28T13:12:40Z	1
36426822617	ceeb829a	cancelled	pull_request	2026-09-28T13:11:17Z	1
36425442901	da5ad1b7	failure	pull_request	2026-09-28T12:59:30Z	1
36425067645	df71415a	cancelled	pull_request	2026-09-28T12:56:11Z	1
36425011338	403a86fd	cancelled	pull_request	2026-09-28T12:55:40Z	1
36424959702	179b4833	cancelled	pull_request	2026-09-28T12:55:13Z	1
36424455149	b3e2f1c7	cancelled	pull_request	2026-09-28T12:50:42Z	1
36424332268	bce4a16e	cancelled	pull_request	2026-09-28T12:49:35Z	1
36424305380	39f258be	cancelled	pull_request	2026-09-28T12:49:20Z	1
36422708769	be84b786	failure	pull_request	2026-09-28T12:34:35Z	1
36422648029	e535ef2e	cancelled	pull_request	2026-09-28T12:34:02Z	1
36422424522	3d3d3c3f	cancelled	pull_request	2026-09-28T12:31:56Z	1
36421449409	2e02c018	success	pull_request	2026-09-28T12:22:49Z	1
36421363422	e63895b1	cancelled	pull_request	2026-09-28T12:22:01Z	1
36420635087	ace13cf6	cancelled	pull_request	2026-09-28T12:15:09Z	1
36420354335	a68b4447	cancelled	pull_request	2026-09-28T12:12:33Z	1
36418424081	a5ebc27b	success	pull_request	2026-09-28T11:54:00Z	1
36417990065	373d4a40	cancelled	pull_request	2026-09-28T11:49:45Z	1
36417702150	ea3da697	cancelled	pull_request	2026-09-28T11:46:50Z	1
36416432775	2a540290	failure	pull_request	2026-09-28T11:34:19Z	1
36416213667	4cec22f6	cancelled	pull_request	2026-09-28T11:32:09Z	1
36415851701	83a68280	cancelled	pull_request	2026-09-28T11:28:23Z	1
36414992844	b50008bb	success	pull_request	2026-09-28T11:19:43Z	1
36414915575	c63c070e	cancelled	pull_request	2026-09-28T11:18:55Z	1
36414905220	f41f3ecc	cancelled	pull_request	2026-09-28T11:18:49Z	1
36414333120	4b6b7e59	failure	pull_request	2026-09-28T11:13:10Z	1
36413769204	42d9d3df	cancelled	pull_request	2026-09-28T11:07:39Z	1
36413500628	a65176a0	cancelled	pull_request	2026-09-28T11:04:59Z	1
36413394503	789c602f	cancelled	pull_request	2026-09-28T11:03:55Z	1
36413315358	5c05f43a	cancelled	pull_request	2026-09-28T11:03:08Z	1
36412410108	05424b6b	success	pull_request	2026-09-28T10:53:58Z	1
36412191163	21d755a6	cancelled	pull_request	2026-09-28T10:51:43Z	1
36411905713	f2462228	cancelled	pull_request	2026-09-28T10:48:45Z	1
36411545015	3d64e9c8	cancelled	pull_request	2026-09-28T10:45:03Z	1
36411304079	83f20626	cancelled	pull_request	2026-09-28T10:42:36Z	1
36410643187	75c050f7	failure	pull_request	2026-09-28T10:35:49Z	1
36410169916	99c7eac9	cancelled	pull_request	2026-09-28T10:30:59Z	1
36409947890	ef8cb384	cancelled	pull_request	2026-09-28T10:28:49Z	1
36409866458	a93a5f37	cancelled	pull_request	2026-09-28T10:27:59Z	1
36409557414	e31b1550	cancelled	pull_request	2026-09-28T10:24:54Z	1
36409517015	75c91157	cancelled	pull_request	2026-09-28T10:24:29Z	1
36409468676	b932b193	cancelled	pull_request	2026-09-28T10:24:00Z	1
36409444246	54620725	cancelled	pull_request	2026-09-28T10:23:45Z	1
36409046402	b8286245	cancelled	pull_request	2026-09-28T10:19:42Z	1
36408886332	35a99ad7	cancelled	pull_request	2026-09-28T10:18:03Z	1
36408699546	79b4d9e1	cancelled	pull_request	2026-09-28T10:16:10Z	1
36408517620	ba065adb	cancelled	pull_request	2026-09-28T10:14:30Z	1
36408431204	e3471bfe	cancelled	pull_request	2026-09-28T10:13:42Z	1
36407995257	14cad7e4	cancelled	pull_request	2026-09-28T10:09:31Z	1
36407876101	8026a7e5	cancelled	pull_request	2026-09-28T10:08:23Z	1
36407798224	05d68c3a	cancelled	pull_request	2026-09-28T10:07:39Z	1
36407273469	955cc581	cancelled	pull_request	2026-09-28T10:02:35Z	1
36405948461	637451f7	failure	pull_request	2026-09-28T09:49:40Z	1
36405500591	af846cc2	cancelled	pull_request	2026-09-28T09:45:19Z	1
36405415376	fe0f0d78	cancelled	pull_request	2026-09-28T09:44:32Z	1
36405336971	2c6d513e	cancelled	pull_request	2026-09-28T09:43:49Z	1
36403735345	2e890911	failure	pull_request	2026-09-28T09:28:36Z	1
36403616163	5cd7033a	cancelled	pull_request	2026-09-28T09:27:29Z	1
36403413068	035fff41	cancelled	pull_request	2026-09-28T09:25:37Z	1
36403004960	fb04afc9	cancelled	pull_request	2026-09-28T09:21:46Z	1
36380885205	338b241e	failure	pull_request	2026-09-28T05:12:19Z	1
36380495342	34487da5	cancelled	pull_request	2026-09-28T05:07:01Z	1
36380215259	e09d52b9	cancelled	pull_request	2026-09-28T05:02:54Z	1
36379939528	43d7810e	cancelled	pull_request	2026-09-28T04:58:58Z	1
36379842464	46186bb7	cancelled	pull_request	2026-09-28T04:57:26Z	1
36379825180	8e4fe670	cancelled	pull_request	2026-09-28T04:57:09Z	1
36379342990	45c82cdc	failure	pull_request	2026-09-28T04:49:57Z	1
36378940086	d9dd1d87	cancelled	pull_request	2026-09-28T04:43:54Z	1
36376757008	f7e219aa	failure	pull_request	2026-09-28T04:13:01Z	1
36376693409	ad5026bb	cancelled	pull_request	2026-09-28T04:12:07Z	1
36376539933	fe07702a	cancelled	pull_request	2026-09-28T04:09:59Z	1
36376211109	55114eea	cancelled	pull_request	2026-09-28T04:05:02Z	1
36375456067	09bf96b7	failure	pull_request	2026-09-28T03:53:14Z	1
36375205568	bc64d37f	cancelled	pull_request	2026-09-28T03:49:19Z	1
36375136534	50820b11	cancelled	pull_request	2026-09-28T03:48:11Z	1
36375108023	57f9f301	cancelled	pull_request	2026-09-28T03:47:44Z	1
36374773127	027cb288	cancelled	pull_request	2026-09-28T03:42:35Z	1
36373506569	394d889a	success	pull_request	2026-09-28T03:23:05Z	1
36373397436	6235a86b	cancelled	pull_request	2026-09-28T03:21:20Z	1
36373165924	379eb05f	cancelled	pull_request	2026-09-28T03:17:41Z	1
36373083867	2e4effee	cancelled	pull_request	2026-09-28T03:16:25Z	1
36372351220	f18af53e	failure	pull_request	2026-09-28T03:05:56Z	1
36370685316	f62eb3e5	failure	pull_request	2026-09-28T02:39:55Z	1
36369257481	24589349	failure	pull_request	2026-09-28T02:17:27Z	1
36369175552	9cebbf18	cancelled	pull_request	2026-09-28T02:16:11Z	1
36358735531	1476e97c	failure	pull_request	2026-09-27T23:27:09Z	1
36358350383	b0ce1bea	cancelled	pull_request	2026-09-27T23:20:17Z	1
36358303542	e3591aa1	cancelled	pull_request	2026-09-27T23:19:28Z	1
36357874550	337e5b53	failure	pull_request	2026-09-27T23:11:55Z	1
36357800623	193400f6	cancelled	pull_request	2026-09-27T23:10:34Z	1
36357141414	488d361c	failure	pull_request	2026-09-27T22:59:21Z	1
36356540305	8da49058	success	pull_request	2026-09-27T22:48:14Z	1
36356284918	6d1fced8	cancelled	pull_request	2026-09-27T22:43:45Z	1
36355982979	9a81a7ec	cancelled	pull_request	2026-09-27T22:38:27Z	1
36355960979	cc8212e9	cancelled	pull_request	2026-09-27T22:38:02Z	1
36355897520	e4dd29a7	cancelled	pull_request	2026-09-27T22:36:53Z	1
36355726473	3b09e43a	cancelled	pull_request	2026-09-27T22:33:57Z	1
36355367190	b6a5ae52	cancelled	pull_request	2026-09-27T22:27:43Z	1
36355349598	85df53a6	cancelled	pull_request	2026-09-27T22:27:24Z	1
36354030004	463468f1	success	pull_request	2026-09-27T22:04:57Z	1
36353858174	e36ff86c	cancelled	pull_request	2026-09-27T22:02:12Z	1
36353363937	381e1e71	failure	pull_request	2026-09-27T21:53:40Z	1
36352918963	27e5c70a	failure	pull_request	2026-09-27T21:46:02Z	1
36352804187	841eb255	cancelled	pull_request	2026-09-27T21:44:07Z	1
36352448823	54bcc6bf	success	pull_request	2026-09-27T21:38:11Z	1
36351682776	2d3c801e	failure	pull_request	2026-09-27T21:25:34Z	1
36350886172	07dd9d45	success	pull_request	2026-09-27T21:13:00Z	1
